Server_1,Server_2,Server_3,Server_4,Server_5, Server_6,Server_7,Server_8,Server_9,Server_10,Server_11,Server_12,Server_13,Server_14,Server_15,Server_16,Server_17,Server_18,Server_19,Server_20,Server_21,Server_22,Server_23,Server_24,Server_25
333,1327,132,70,456,121,102,102,84,451,577,2066,334,209,357,476,135,305,206,571,111,128,966,1682,2263
276,1084,89,23,409,34,103,115,168,430,521,2328,221,125,554,481,140,307,355,701,227,65,533,410,2639
266,1078,86,27,837,33,102,149,117,734,516,1923,221,125,358,475,132,312,137,1211,102,69,1132,229,2237
331,1342,88,24,531,35,102,105,655,635,517,1923,219,124,418,479,134,325,378,633,126,181,1459,262,2238
290,1192,143,26,434,32,102,42156,109,659,519,1957,221,169,390,488,132,600,131,719,102,90,2738,229,2250
284,1127,99,43,555,68,113,246,236,643,709,1943,218,131,372,982,132,337,1008,624,95,75,1286,221,2253
275,1081,87,24,392,33,102,393,183,649,517,1918,245,122,376,514,131,308,308,580,93,124,2057,232,2237
372,1125,85,25,391,777,103,112,116,475,520,2091,220,126,354,489,129,343,303,641,91,104,2715,246,2236
263,1422,88,25,392,33,102,196,82,676,515,2660,220,156,356,482,130,595,157,593,103,63,3398,4707,2232
315,1097,88,28,441,33,107,104,84,398,519,1897,242,152,353,484,130,308,123,754,104,68,884,236,2255
291,1486,86,25,445,34,104,121,85,370,517,4200,221,124,362,503,130,327,496,677,105,57,969,220,2236
302,1093,87,23,398,635,101,198,750,441,706,4168,218,123,699,547,166,330,267,909,124,73,905,267,2237
286,1109,88,24,398,33,103,100,119,520,518,3814,219,122,365,479,129,312,237,776,99,58,1928,275,2240
266,1106,87,23,400,33,101,103,84,433,516,2682,224,122,346,482,130,309,580,666,101,68,8917,250,2234
341,1110,85,26,393,34,103,103,92,878,519,2993,222,124,420,3812,130,333,847,597,92,80,1666,293,2238
907,1181,86,25,403,33,110,100,96,465,517,1908,222,126,592,484,129,343,306,725,131,77,1526,263,2239
271,1056,87,24,396,33,101,98,83,535,516,1934,217,126,346,490,128,311,370,782,98,57,5858,283,2234
259,1112,97,24,394,33,104,113,83,322,709,1944,219,125,350,480,129,323,295,736,105,91,4428,254,2271
285,1109,88,24,391,119,102,159,84,299,517,1943,221,123,360,476,129,310,264,625,91,5054,5215,232,2243
252,1081,95,27,390,34,100,42187,82,1206,515,1977,343,122,351,519,129,320,521,550,91,282,8845,466,2244
305,1096,183,27,390,33,101,248,83,339,517,1907,350,128,348,491,130,329,859,574,102,100,1937,223,2298
456,1107,109,26,393,34,101,143,81,334,572,2018,1770,266,367,482,130,312,673,589,92,56,1587,479,2241
556,1500,88,25,453,57,104,102,82,379,518,1955,219,123,349,550,128,356,388,623,92,57,954,248,2233
261,1115,89,23,393,33,107,153,84,284,702,1965,220,125,351,481,129,331,295,616,98,58,713,308,2249
263,1098,364,22,394,33,105,127,1060,311,517,1968,218,151,348,510,129,314,127,566,92,84,1442,294,2242
272,1336,92,25,391,36,102,127,83,324,516,1945,220,123,346,484,128,320,2133,618,107,99,895,237,2244
274,1105,86,23,393,33,102,110,465,787,520,1932,219,131,374,474,128,312,277,645,99,64,2414,218,3008
257,1097,87,25,390,33,102,3115,87,469,520,1931,218,123,351,477,128,307,356,577,108,114,4671,438,2480
267,1403,86,26,389,53,102,152,83,376,518,1908,219,124,349,475,128,310,1561,590,103,86,956,257,2234
632,1102,115,25,392,127,103,147,81,537,699,1943,219,123,353,483,128,320,258,939,105,69,3954,235,2245
257,1076,87,48,393,33,106,115,337,339,522,1909,220,126,350,473,127,311,290,711,108,73,895,220,2250
268,1794,88,26,392,33,102,120,82,296,516,1926,217,121,350,482,129,565,242,587,93,68,538,604,2250
273,1091,93,22,389,34,106,110,297,312,517,2218,220,123,351,471,127,401,220,751,110,62,531,208,2235
265,1270,86,23,430,37,158,5186,82,304,516,1988,218,121,361,484,128,328,815,585,3171,87,1797,273,2248
258,1107,86,23,395,35,102,177,85,460,517,1905,220,122,365,479,128,583,872,1487,103,60,531,224,2346
256,1105,90,26,391,32,102,115,82,470,699,1908,219,122,350,478,128,309,816,613,101,68,1106,273,2236
312,1112,82,25,391,40,102,162,84,346,518,1916,224,122,355,477,129,321,950,687,12269,62,2351,274,2244
265,1347,86,25,392,34,102,106,85,358,516,1947,301,122,379,487,185,340,792,711,101,70,1499,220,2240
259,1106,89,23,391,34,102,135,83,460,515,1941,218,122,351,475,129,306,725,581,93,157,897,394,2329
262,1189,116,25,391,33,102,114,82,444,515,1918,220,124,361,477,128,308,564,576,104,112,954,248,2241
260,1114,86,24,393,35,102,189,82,404,516,1967,218,123,366,487,129,326,709,565,108,86,534,322,2248
258,1120,84,23,391,63,101,132,84,421,700,3658,220,122,358,481,132,333,616,687,157,280,893,286,2248
271,1100,114,26,392,33,102,102,81,292,517,3979,220,125,347,476,129,306,840,710,105,97,1136,432,2250
261,1344,97,23,392,33,102,108,81,288,601,1981,221,123,348,474,130,314,1465,513,142,77,534,267,2248
258,1393,85,24,399,35,102,111,88,295,601,4746,217,128,404,476,128,306,404,550,115,68,895,1410,2289
263,1102,87,26,392,33,102,45113,82,293,517,12888,220,123,345,475,129,320,629,552,99,464,1114,228,2239
260,1353,108,24,390,33,102,176,83,351,516,5677,231,124,346,475,139,324,778,552,103,126,1211,220,2254
259,1223,91,23,390,33,103,111,107,311,700,5888,246,151,345,494,128,548,969,561,104,64,888,328,2336
259,1114,119,26,391,33,101,136,85,283,516,6221,220,328,736,477,128,306,1032,563,116,146,1139,304,2257
260,1112,85,24,392,817,102,174,92,600,517,7699,217,122,820,474,137,381,494,558,103,114,533,493,2486
257,1095,86,22,390,32,102,168,85,847,516,6190,218,124,818,472,139,306,1033,551,92,67,1116,267,2312
259,1097,213,27,395,33,101,126,135,388,515,9586,219,122,702,473,128,309,1108,551,99,56,531,291,2251
258,1621,84,23,394,34,104,201,111,1048,515,8438,217,151,717,471,132,372,608,594,92,135,535,243,2249
261,1123,110,24,391,33,103,155,83,824,698,6586,219,134,456,474,129,307,963,548,105,123,2845,502,2252
257,1634,210,61,411,48,110,115,119,353,516,6975,218,123,464,480,128,307,125,576,106,119,954,285,2253
267,1703,109,23,393,33,107,117,82,290,516,7635,220,122,573,482,130,305,759,549,92,70,534,246,2262
257,1383,85,24,390,33,101,114,84,301,516,14851,220,137,571,473,130,306,995,550,97,136,533,242,2261
260,1065,248,23,391,33,101,115,109,285,517,8323,219,155,458,473,128,311,803,592,92,84,4033,275,2389
262,1074,105,24,391,34,103,330,144,287,516,16856,219,128,472,474,130,305,709,545,92,82,893,234,2295
254,1067,89,38,390,32,103,149,170,280,694,174236,218,124,457,475,128,308,624,614,113,62,607,255,2254
256,1111,90,29,391,32,103,204,146,280,517,20702,220,121,472,478,128,572,627,565,121,56,943,280,2244
260,1142,107,29,391,34,106,42166,142,278,517,13008,218,121,472,473,129,304,645,592,97,84,805,395,2249
252,1113,107,36,390,35,101,160,84,286,516,10759,221,128,457,470,128,311,746,615,104,184,875,526,2270
254,1056,85,39,395,33,104,116,879,353,518,7719,219,123,463,490,129,310,113,550,119,59,581,276,2274
254,1061,1121,24,392,33,102,101,83,282,518,7715,218,126,476,482,128,553,694,546,93,64,5641,260,2260
274,1099,113,26,377,32,100,165,478,316,696,6530,243,122,491,442,124,306,427,543,95,77,588,352,2265
277,1069,113,26,364,32,102,101,337,322,517,6777,240,128,499,443,126,306,586,584,221,85,577,404,2259
324,1204,109,64,421,51,159,121,368,371,572,6979,274,154,533,449,133,334,625,616,94,74,1030,231,2379
289,1129,85,29,365,33,105,127,85,307,522,6705,247,128,507,451,132,310,672,569,182,70,557,299,2261
282,1098,87,26,364,34,105,173,83,318,517,7728,245,124,497,446,127,307,863,574,111,76,2399,242,2279
280,17181,96,23,363,34,102,139,84,310,517,6480,240,127,493,446,124,307,998,582,93,68,1018,280,2262
287,1281,120,34,364,32,103,108,82,478,695,7818,369,130,502,448,127,306,1010,572,93,68,514,237,2287
287,1719,157,38,364,32,102,135,84,308,516,18507,240,122,491,442,126,4409,603,560,91,177,512,419,2257
276,1060,247,25,365,32,103,122,82,315,518,6354,240,126,492,446,125,324,895,573,103,69,512,238,2263
281,1068,270,25,366,32,101,123,83,322,517,7761,241,122,487,445,124,620,719,567,93,64,1054,521,2247
289,1093,84,28,378,34,106,277,461,313,600,10673,243,122,493,442,130,625,1022,550,95,58,519,236,2324
256,1084,105,28,397,32,104,108,117,331,515,9569,217,121,469,474,133,715,898,547,93,59,2367,273,2259
256,1080,83,36,401,39,106,42023,84,288,699,6345,217,126,439,479,131,306,1193,547,100,63,536,231,2412
261,1138,86,25,389,33,106,183,86,309,522,7631,224,134,458,475,131,554,1602,572,129,58,809,248,2250
261,1054,108,24,393,33,104,274,83,287,518,7446,218,126,453,473,130,313,4463,611,100,56,538,262,2265
256,1110,106,26,390,38,100,189,419,310,525,7410,220,122,455,476,129,308,1346,507,93,58,534,505,2265
264,1056,106,24,390,32,104,164,310,294,517,13843,217,122,460,476,130,308,931,550,104,58,557,2192,2252
257,1087,84,27,393,32,102,161,81,280,515,15629,218,121,452,474,131,555,1509,547,95,56,4003,244,2259
260,1206,86,25,391,32,104,114,81,297,696,16309,220,150,462,480,128,555,1152,547,102,61,535,558,2262
256,1095,91,24,391,34,104,156,89,288,518,18361,220,122,571,476,138,307,837,663,114,60,707,582,2249
262,1062,109,25,392,33,102,128,964,286,516,9516,220,121,461,477,291,306,1193,551,99,56,533,294,2248
257,1167,84,28,396,33,102,151,91,347,520,6591,276,133,458,480,128,307,274,560,150,64,1127,526,2253
254,1091,106,22,395,32,102,146,84,314,517,15393,218,122,458,473,129,311,1192,555,106,59,1061,482,2256
251,1241,86,25,396,321,101,110,173,306,517,7589,218,122,466,476,129,319,704,558,109,58,536,234,2260
254,1090,107,26,392,37,107,171,272,294,694,6277,218,123,460,478,128,306,279,594,111,56,1001,301,2313
253,1174,98,24,393,233,103,202,83,394,518,6596,218,125,458,476,128,308,130,546,263,56,537,243,2255
258,1076,85,25,391,38,101,100,576,347,518,6393,219,121,470,475,129,306,121,910,98,66,1176,387,2244
259,1176,87,26,391,33,101,150,540,454,517,5075,225,123,468,16591,128,340,170,587,98,59,542,1804,2259
260,1108,241,27,392,33,105,777,86,309,517,5105,220,131,1047,474,129,304,196,618,126,59,1069,314,2256
256,1058,86,25,394,36,103,113,83,308,519,3228,219,125,504,476,129,309,247,512,125,59,1524,388,2262
268,1107,99,23,394,33,101,99,84,364,698,3597,220,124,483,479,131,310,112,617,145,57,835,964,2252
277,1091,87,24,397,470,118,98,89,294,517,1974,234,123,486,476,129,318,116,725,100,64,532,585,2255
406,1081,283,119,393,33,102,110,84,293,518,2063,220,124,487,476,129,311,359,598,92,60,536,381,2241
280,3481,85,25,394,34,111,153,85,324,518,2428,222,127,487,477,131,375,266,578,117,63,2368,240,2251
258,1079,86,23,395,33,102,148,200,365,517,2296,219,124,463,474,132,358,113,569,98,61,537,225,2244
1078,1111,89,23,401,33,442,111,85,295,519,4382,266,123,1241,1123,129,359,219,769,107,59,543,233,2254
352,1110,115,24,396,33,105,166,145,309,698,4808,221,125,493,479,131,305,195,564,104,64,891,840,2248
289,1103,85,30,540,35,107,122,85,509,517,3418,252,160,472,480,140,313,116,577,113,58,9855,641,2251
370,1113,98,25,395,269,103,114,347,288,517,2522,219,123,523,480,130,580,174,1090,107,91,1672,272,2241
260,1758,229,25,399,34,106,145,82,407,517,4792,226,133,501,475,129,477,170,555,134,139,538,786,2240
280,1067,87,23,394,33,105,149,82,300,517,2346,219,124,483,475,128,348,117,659,94,73,879,637,2236
302,1088,85,29,395,33,103,122,103,348,517,2587,221,123,500,476,133,307,193,667,110,56,2685,230,2238
296,1067,98,24,399,33,104,156,82,307,695,2675,241,123,476,498,129,309,113,614,125,64,540,403,2243
266,1081,87,27,394,33,102,115,83,313,517,2362,222,124,497,583,132,307,151,575,94,64,2374,220,2250
313,1089,86,25,394,34,102,1022,329,320,517,5077,221,154,487,485,130,307,166,568,104,64,4149,472,2249
291,1118,85,3182,395,34,102,261,90,605,516,5483,218,123,476,484,130,306,228,723,111,61,1387,291,2516
2212,2417,1484,1381,1502,1180,1078,2222,1985,1175,1064,4649,463,200,504,565,146,307,289,572,145,70,996,288,2275
527,1128,238,28,405,35,102,113,362,293,518,1999,221,122,518,479,132,323,393,568,119,74,3808,375,2243
267,1091,87,26,398,33,102,99,82,310,2722,2119,220,124,570,509,141,311,440,840,140,56,538,2079,2251
267,1107,247,24,392,33,104,99,85,338,517,2065,222,133,475,481,129,343,1147,734,107,61,534,222,2244
271,1086,85,27,396,38,102,134,87,306,517,1965,234,123,481,495,131,308,1184,556,109,56,4257,233,2244
301,1089,86,27,395,33,102,127,89,333,515,2225,228,123,461,480,132,307,2119,600,101,85,2366,310,2245
332,1219,86,23,394,32,106,232,82,391,519,2134,221,124,462,497,164,307,1914,668,106,61,542,223,2246
269,1168,88,26,393,39,105,124,89,380,518,2142,220,124,473,486,131,351,768,568,159,105,1527,351,2233
283,1088,87,25,414,33,106,153,82,326,946,1964,289,123,492,516,131,333,1104,795,112,74,2599,263,2239
260,5002,87,29,402,36,108,120,218,388,521,2038,217,125,478,515,131,396,857,603,109,80,545,536,2253
720,1093,87,103,397,33,103,581,86,497,517,4616,220,125,510,478,129,342,934,817,103,66,1570,236,2241
282,1093,86,23,401,33,104,114,98,294,518,2020,330,122,514,483,130,307,1047,585,101,63,537,632,2242
1297,2042,1237,1043,1044,782,681,2264,954,696,685,2185,230,170,505,485,145,309,1150,1053,127,59,4730,590,2236
581,1151,85,25,393,33,103,137,143,553,528,1957,218,131,466,495,130,307,2516,1219,109,1547,1508,215,2234
285,1072,87,24,396,36,104,162,88,775,699,1986,220,124,468,479,142,332,288,671,105,75,576,230,2240
619,1123,100,28,397,32,104,99,83,390,517,1907,218,132,546,484,131,310,281,560,169,84,815,239,2237
322,1079,94,28,407,32,106,113,400,370,519,1969,220,122,527,516,131,318,168,581,103,100,718,509,2242
279,1104,86,30,398,32,103,167,98,445,526,3535,243,127,525,524,134,318,277,608,121,74,1324,461,2246
835,1102,88,24,405,35,102,2208,91,309,518,2038,219,130,599,482,132,308,270,567,95,67,1154,385,2242
288,1242,86,24,395,35,105,135,626,730,519,2015,220,122,481,495,130,308,174,577,165,155,2434,876,2243
323,1123,87,25,400,34,111,116,82,600,700,2111,221,130,484,490,138,306,354,702,92,247,79203,239,2251
554,1071,87,25,392,34,105,178,83,312,518,1991,220,127,593,499,133,336,288,696,130,95,4974,613,2237
769,1113,97,27,401,37,375,98,84,317,518,1987,296,123,649,505,130,329,282,783,94,214,1064,257,2256
674,1110,92,23,403,32,102,132,87,340,517,1931,274,126,811,489,132,315,279,596,93,91,1532,290,2235
1235,1077,87,26,395,169,103,4186,83,490,557,2023,220,124,851,478,130,367,302,624,108,280,1950,226,2237
525,1100,84,26,398,34,101,134,83,386,517,2069,218,122,602,493,130,331,907,711,103,259,2391,664,2240
655,1125,85,25,396,35,106,3362,177,351,822,1912,222,330,830,486,145,330,200,614,92,78,5720,4941,2243
924,1232,111,25,399,35,106,114,87,365,524,1988,221,123,1041,476,129,312,615,557,91,96,954,286,2238
329,1076,86,36,393,34,105,133,192,504,519,1901,220,130,916,480,130,1024,358,808,96,359,1838,254,2235
277,1114,92,24,394,33,107,204,117,341,518,1963,220,124,1321,486,129,310,280,625,103,103,4860,252,2242
261,1064,261,27,407,33,102,4659,213,336,516,2144,220,123,1218,493,131,308,235,644,96,102,1333,222,2243
570,1083,85,25,397,35,104,142,86,351,520,2066,221,123,897,481,129,332,233,716,92,68,1320,494,2238
382,1226,86,24,392,33,110,133,469,297,702,1909,220,127,1109,483,129,312,241,575,102,83,1023,217,2263
281,1120,87,25,392,33,102,121,132,297,516,1898,217,121,1326,486,131,344,321,644,93,111,542,245,2235
483,1063,86,24,391,33,101,108,87,286,516,1961,220,123,1233,484,129,345,237,636,96,56,904,220,2237
1029,1068,86,24,424,36,102,119,82,291,517,1921,219,121,1207,492,128,307,256,659,93,112,5569,234,2233
262,1051,87,24,392,34,101,7188,314,384,518,2000,248,123,1095,483,131,312,374,567,93,66,810,211,2244
292,1076,204,23,392,422,102,116,89,295,516,1970,219,124,1248,480,128,306,1561,674,333,58,5834,244,2248
256,1083,87,24,389,34,102,119,87,317,700,1940,270,135,1720,483,130,327,427,606,105,80,2570,252,2245
269,1058,85,26,397,32,102,147,84,351,518,1934,239,154,1601,476,128,308,317,573,91,62,1038,229,2246
257,1074,97,23,392,33,102,112,169,394,516,1932,217,122,1385,1113,128,306,322,592,93,85,540,537,2245
256,1057,86,25,398,241,102,42138,90,410,518,2000,220,122,1346,558,128,308,256,733,102,58,534,758,2241
260,1071,84,24,393,33,102,2344,83,301,517,1964,217,121,1460,475,128,308,288,602,96,57,1476,256,2302
266,1097,85,25,390,65,103,104,82,298,516,1981,216,151,1435,475,128,312,396,578,92,59,964,224,2251
281,1084,85,23,392,34,102,155,102,331,745,1938,217,125,1606,476,128,561,529,553,96,89,1122,329,2253
316,1240,107,24,406,33,101,102,82,332,517,1910,217,122,1439,475,130,308,304,672,92,56,541,491,2247
256,1076,85,24,393,33,103,105,83,327,517,1974,218,151,1243,479,130,307,381,600,99,98,536,506,2236
276,1074,189,22,391,33,103,112,531,293,517,2085,217,124,1236,475,162,330,419,583,102,63,1150,281,2311
254,1646,88,25,395,34,105,7197,84,289,517,1965,217,123,1337,480,130,322,496,604,93,64,547,328,2250
281,1092,85,24,391,34,104,1651,82,286,516,1928,218,121,1212,473,480,315,590,565,91,58,967,272,2248
258,1106,84,25,390,32,102,102,330,289,749,2259,1018,126,1285,478,129,307,140,688,91,60,556,248,2247
2420,3270,2346,2254,2163,1918,1807,225,1634,1505,1665,2878,240,792,1152,1055,128,577,437,579,91,70,571,228,2290
264,1074,87,26,395,33,102,115,83,364,522,1918,219,123,1187,474,129,306,370,562,95,101,5570,250,2253
284,1069,86,85,393,34,102,236,318,322,516,1998,217,122,1022,479,128,306,150,565,92,75,1395,212,2251
268,1063,88,24,391,32,102,4197,84,304,517,4706,217,121,868,478,128,404,171,556,91,68,907,234,2250
281,1062,88,28,390,33,102,108,83,304,519,6096,218,121,642,485,128,307,234,556,98,90,547,313,2252
261,1097,226,27,407,35,101,183,87,322,745,5631,219,127,628,501,127,356,801,555,99,171,2364,337,2240
267,1055,85,24,390,33,103,42044,83,285,517,6154,220,122,483,480,129,311,2149,708,92,136,1142,285,2239
304,1079,87,24,393,33,102,99,88,298,516,6335,218,123,464,482,128,312,518,659,95,108,2375,1206,2847
483,1089,87,48,393,34,104,175,173,295,516,3484,217,123,465,512,133,307,957,553,91,70,2714,280,2259
257,1252,108,25,390,35,101,7292,82,337,516,2806,217,124,467,479,128,307,846,545,92,80,541,204,2240
260,1082,85,26,391,33,106,147,82,341,517,3634,226,121,459,486,128,305,501,563,95,59,814,236,2254
258,1078,87,25,392,36,102,134,96,316,2764,5481,220,128,474,479,130,307,342,738,99,67,1157,248,2243
257,1060,87,25,391,34,102,112,98,338,517,1916,216,159,523,475,141,314,602,545,96,111,1303,270,2258
265,1183,108,25,392,34,102,124,84,315,516,5392,217,137,488,480,142,307,1280,563,91,220,1042,576,2243
253,1071,83,23,391,32,101,117,105,285,517,6283,221,457,536,478,130,308,462,636,93,103,539,250,2250
264,1062,860,34,395,35,107,2244,86,309,519,5729,218,3417,465,478,129,309,486,577,92,781,903,324,2258
254,1057,106,22,392,36,104,113,84,339,516,5034,237,505,465,476,128,305,219,564,93,199,1047,255,2255
255,1061,83,26,399,32,101,162,237,291,696,5821,218,440,454,482,129,308,585,586,101,484,535,291,2256
257,1098,281,25,392,32,108,214,141,279,517,3380,217,345,455,490,130,305,116,568,100,127,543,486,2263
253,1080,84,25,391,32,101,184,157,339,516,4994,217,125,468,474,131,308,433,573,95,89,537,769,2448
262,1097,83,24,392,33,103,114,184,287,516,4199,217,125,477,474,129,308,176,553,92,64,3825,447,2296
306,1117,87,27,389,33,102,2269,82,288,516,6201,216,124,579,475,130,309,444,561,94,97,902,279,2263
255,1711,110,25,391,32,101,163,174,291,517,6282,216,356,458,487,128,307,681,556,99,93,533,966,2252
253,1080,95,24,408,32,106,129,160,289,695,6358,232,144,518,476,133,309,546,545,94,115,1197,245,2256
254,1121,107,43,390,33,104,161,164,288,530,3899,220,164,471,483,129,306,193,570,94,56,990,249,2266
263,1368,84,57,390,46,104,146,84,301,532,4437,219,124,490,477,130,338,139,545,93,121,2370,277,2259
255,1123,287,23,392,33,103,190,235,304,516,2469,216,130,466,476,131,305,577,549,103,89,539,274,2248
260,1055,107,35,391,33,101,2223,86,281,516,2211,220,160,484,476,128,493,169,566,102,70,900,367,2255
294,5495,88,25,392,33,110,115,871,297,515,2515,219,125,458,474,129,307,651,584,103,60,1329,525,2247
257,1109,95,22,390,32,101,146,87,314,695,3516,219,125,813,474,130,323,675,554,103,59,903,266,2258
261,1218,87,23,403,32,102,285,594,296,516,2521,217,128,466,472,129,306,633,546,103,59,594,261,2255
341,1058,86,24,389,627,101,112,82,289,516,2022,219,154,458,472,136,304,779,750,102,68,549,271,2252
257,1097,107,23,392,33,101,155,292,296,520,3682,217,133,465,473,136,305,744,572,121,62,762,559,2378
261,1065,380,38,391,33,102,2229,356,288,516,4780,217,130,466,477,130,305,531,585,103,55,1140,1631,2251
256,1155,221,41,391,34,102,216,96,290,517,5351,217,129,458,478,140,331,176,563,102,62,2450,243,2251
259,1093,222,23,390,33,102,100,90,287,694,2349,219,361,456,477,129,307,654,642,103,58,534,522,2258
256,1093,111,35,483,33,289,403,92,289,516,2793,219,129,600,480,135,310,762,668,103,60,1190,242,2251
255,1085,91,24,394,33,102,96,81,280,516,6004,220,124,460,477,128,712,439,586,103,58,1686,274,2262
261,1107,87,24,391,33,104,110,85,282,516,5459,228,126,461,474,130,310,1003,550,104,63,898,271,2329
258,1133,84,25,393,36,103,4115,678,286,517,4685,218,128,469,477,130,344,775,677,101,58,858,403,2441
252,1098,106,24,390,32,103,98,85,307,516,5541,217,132,463,478,130,1384,771,561,95,61,894,235,2260
254,1193,250,25,398,32,102,112,631,283,696,6276,349,128,464,475,141,791,800,570,94,59,2442,667,2257
259,1098,213,25,391,34,102,108,83,289,463,5454,221,126,463,473,141,324,533,548,92,56,900,272,2250
262,1064,108,24,397,33,108,98,776,342,516,5061,220,125,664,474,131,341,192,553,91,60,541,458,2262
253,1066,83,24,393,34,102,154,92,358,517,5209,219,124,484,474,128,307,396,597,93,56,1126,237,2262
256,1162,282,22,394,33,104,7248,97,297,516,5128,217,135,471,475,313,310,661,555,94,62,539,2169,2258
261,1084,226,24,392,34,106,108,94,293,517,5378,220,124,469,483,131,325,248,541,103,58,2587,277,2245
257,1070,84,24,390,32,102,98,93,287,778,5449,216,154,473,475,139,325,527,562,106,60,1320,258,2268
265,1068,251,26,394,32,103,133,83,286,518,4577,217,126,568,480,131,315,393,552,94,62,1038,280,2635
261,1118,108,23,397,32,102,42090,535,295,520,5783,221,125,479,476,128,309,518,578,141,65,1066,495,2265
259,1057,83,24,395,34,105,106,93,293,519,5307,221,125,481,476,133,319,283,544,102,60,895,653,2440
459,1082,279,30,393,33,105,165,81,285,537,40185,218,125,500,491,128,332,699,546,104,56,704,752,2246
258,1262,85,23,392,32,102,93,413,287,518,28690,219,131,523,513,131,304,454,553,100,58,887,259,2242
263,1061,107,23,391,34,104,110,82,312,700,33724,217,154,490,518,132,310,687,556,97,56,898,251,2262
281,1108,86,27,392,33,102,193,83,285,516,21008,219,127,515,475,163,334,369,565,93,56,533,303,2261
259,1096,271,30,395,35,102,221,475,463,517,27880,314,262,502,475,130,309,253,550,96,413,539,968,2247
339,1280,130,55,510,78,227,143,426,423,643,29405,218,134,479,623,131,357,669,665,103,56,885,325,2416
253,1086,95,30,466,34,107,138,432,281,517,19662,220,126,484,478,130,414,204,575,102,68,534,619,2253
258,1060,85,25,394,33,102,100,491,309,518,33148,218,128,499,477,128,307,462,736,97,56,1191,255,2254
256,1083,88,24,392,34,103,138,87,306,710,79316,217,127,598,475,129,312,343,561,105,62,535,278,2259
253,1058,217,24,391,34,106,120,83,328,517,20517,218,126,495,477,130,306,538,638,99,61,539,225,2260
269,1097,84,23,393,33,106,129,82,314,517,21430,315,126,602,477,130,341,197,566,95,57,977,214,2595
260,1086,108,25,391,34,103,101,128,295,517,18866,219,128,483,482,130,318,155,573,93,66,828,241,2254
265,1188,86,25,394,33,101,188,83,434,517,33340,219,126,471,481,132,310,302,633,113,67,945,271,2257
280,1894,88,26,394,33,104,113,86,315,517,47458,219,130,556,480,130,309,248,552,94,105,576,221,2270
266,1066,86,25,396,34,109,42065,87,454,708,22153,220,158,523,484,131,311,327,774,126,83,537,1629,2257
258,1128,140,34,397,35,106,120,461,507,519,17683,218,134,572,480,131,322,416,556,105,62,1539,259,2248
270,3002,88,24,412,63,107,143,98,326,518,30672,220,131,544,482,132,414,128,646,220,61,535,245,2254
278,1201,85,23,399,34,103,101,88,357,523,31142,224,126,482,476,129,334,120,602,125,84,544,244,2261
263,1076,288,27,391,34,106,177,333,342,520,30082,219,130,541,478,135,328,176,569,634,82,543,267,2255
554,1058,304,27,405,321,103,135,106,330,519,42768,222,127,526,480,134,323,117,1067,102,75,1229,289,2243
274,1079,288,27,396,2865,105,176,1102,314,710,33116,222,157,483,484,130,360,121,599,111,62,542,2212,2247
273,1087,101,28,396,86,106,149,83,493,519,7328,224,128,477,484,129,310,146,662,111,87,973,238,2250
430,1076,88,26,400,34,104,113,83,316,518,14846,218,132,491,482,139,392,128,697,116,75,5676,254,2256
259,1097,244,24,345,214,110,158,124,419,518,6379,221,156,478,496,129,311,141,554,108,95,1723,241,2248
909,1204,87,25,393,41,104,142,134,300,516,4172,222,126,570,478,131,310,137,774,135,106,911,237,2483
318,1076,84,25,404,34,104,102,88,378,520,4822,217,125,871,1544,132,335,124,598,96,61,4598,761,2257
381,1088,90,24,394,34,103,106,1804,365,703,4997,219,127,470,492,138,310,300,602,96,64,1208,254,2249
565,1060,87,27,394,34,103,115,89,314,517,2517,220,126,466,492,130,515,183,625,325,175,905,294,2252
867,1104,86,36,405,33,104,101,455,321,518,4751,223,129,468,482,131,315,308,756,116,102,1063,300,2246
518,1109,87,24,399,33,102,163,88,543,520,4964,221,133,472,482,131,310,194,610,104,74,1070,247,2334
316,1080,210,38,398,35,106,191,242,305,516,4223,230,136,480,489,132,306,337,577,100,100,544,1856,2319
995,1152,92,37,408,35,105,116,286,359,520,2701,218,125,462,480,130,307,156,653,95,101,6225,270,2254
297,1111,90,29,397,35,105,138,601,325,750,3854,219,133,460,493,131,308,164,849,113,77,891,235,2250
338,1059,1166,27,414,33,109,97,348,607,521,2869,221,128,474,496,130,309,474,769,111,146,2370,379,2242
1162,1091,89,24,398,32,107,106,692,312,520,1954,218,128,494,489,133,332,273,781,113,115,10711,248,2313
522,1396,282,29,401,37,107,121,166,345,517,2362,225,127,605,480,132,310,141,846,132,66,2119,220,2243
299,1094,87,24,395,34,105,183,82,366,521,2562,408,303,590,513,139,777,274,955,129,85,895,313,2244
411,1072,87,25,395,35,106,216,82,311,609,2552,220,127,579,484,129,490,266,990,116,97,913,507,2245
532,1096,89,27,397,39,108,279,365,388,3023,4426,254,125,472,492,135,503,486,562,93,184,539,242,2247
300,1065,97,24,466,35,106,130,121,510,520,2048,228,126,543,504,129,522,780,607,93,156,889,233,2404
286,1106,87,25,397,33,110,193,987,313,520,2443,221,130,490,484,133,641,629,683,104,101,581,553,2254
387,5505,96,28,395,33,109,170,95,300,522,2593,228,126,490,492,136,492,246,578,95,71,813,1585,2248
307,1073,277,23,395,36,104,2180,88,331,518,1955,221,129,475,480,134,510,752,584,114,113,890,260,2250
306,1062,187,25,402,34,106,134,86,300,518,1998,218,128,532,491,129,501,1600,634,100,75,895,973,2242
691,1565,86,32,394,35,102,110,84,572,751,2093,221,127,458,486,131,644,2471,563,125,62,10302,239,2246
491,1099,244,24,395,185,104,3025,496,506,519,2366,219,127,579,478,131,749,276,585,99,84,4955,243,2244
309,1065,112,29,395,34,105,196,88,515,516,2597,221,128,807,512,131,491,178,915,200,94,1300,250,2247
319,1090,88,25,397,32,104,100,82,604,518,1908,237,127,1041,480,130,495,370,713,123,101,1028,486,2248
391,1086,85,24,401,35,105,156,422,368,518,2066,525,127,923,501,130,1069,231,580,96,68,1317,546,2243
302,1174,120,24,432,33,106,121,84,666,521,2847,220,127,1122,493,130,495,239,649,105,83,539,285,2241
293,1066,86,27,401,34,105,107,84,331,753,6634,222,125,1170,481,131,561,364,619,97,78,2022,259,2241
302,1124,85,25,406,168,105,128,83,406,517,5295,217,126,1086,477,129,515,151,573,104,71,888,266,2241
406,1095,85,24,394,33,107,162,535,283,528,1966,230,131,724,482,135,527,1262,809,95,74,4260,263,2244
309,1112,251,27,393,33,107,152,83,465,521,1983,221,159,592,479,135,495,251,552,94,59,546,491,2242
269,1084,84,24,408,36,102,153,997,305,518,2021,223,134,720,481,131,522,184,2394,117,73,4014,216,2246
313,1166,86,25,395,33,104,139,84,309,517,2085,218,126,605,495,130,493,403,592,100,64,1890,267,2240
271,1100,85,29,393,32,104,149,84,339,792,2030,237,128,800,3557,128,492,268,568,108,77,2849,274,2253
304,1074,271,25,404,33,104,111,90,396,521,1967,219,126,822,491,130,493,243,586,92,57,12798,219,2239
782,1117,84,24,395,33,102,102,720,324,518,1920,219,125,750,485,130,498,255,591,95,59,3597,297,2237
782,1071,87,26,398,33,103,112,93,333,519,1933,222,129,648,478,131,584,518,556,91,70,9806,504,2247
313,1079,228,24,393,33,102,180,86,415,517,1952,223,130,854,490,129,496,260,560,103,68,854,243,2258
274,1124,86,27,393,34,103,124,91,301,604,1963,221,130,658,476,128,502,231,561,98,424,534,219,2412
281,1259,84,25,393,34,103,119,84,382,518,1985,219,135,735,489,128,489,725,641,97,71,3989,343,2242
262,1104,85,24,391,34,102,96,84,326,517,1944,217,126,667,475,144,492,119,592,93,463,3977,500,2242
622,1224,85,25,395,33,103,3069,82,332,516,1940,219,126,619,483,129,792,124,590,94,73,1484,270,2241
301,1070,85,25,390,34,102,112,632,310,517,1935,220,128,794,478,129,513,131,591,126,64,1552,241,2239
455,1114,86,23,391,33,105,146,83,298,521,1995,217,130,679,476,128,527,189,548,100,119,1309,313,2248
262,1066,87,27,395,32,105,180,83,328,705,2141,218,129,760,494,130,492,540,557,96,140,907,336,2245
605,1058,86,26,391,34,104,210,85,452,518,2026,222,125,917,479,128,576,640,552,115,87,4949,228,2257
266,1140,86,25,390,32,101,131,85,327,517,1943,284,126,1015,476,128,489,312,594,95,128,552,234,2249
261,1077,90,30,394,32,101,139,83,466,515,1980,219,125,823,492,128,485,360,609,91,70,3181,474,2245
454,1105,84,23,390,34,102,97,83,299,518,1998,219,128,1029,474,129,502,128,584,90,61,1439,366,2245
275,1082,84,25,391,33,103,223,84,327,516,2139,217,125,843,473,128,485,293,554,90,62,895,293,2254
283,1054,85,24,392,41,102,43162,92,306,702,1959,220,126,961,478,130,489,437,590,100,59,959,231,2248
281,1057,84,25,392,34,102,101,83,286,517,1989,218,129,701,476,129,486,283,556,93,59,2702,255,2252
257,1096,1078,23,393,32,104,135,85,315,517,1925,219,125,714,475,129,490,431,648,103,69,810,487,2254
340,1082,85,25,392,35,108,120,97,310,516,1946,241,124,859,476,129,502,434,717,107,61,532,201,2245
254,1057,83,23,393,32,103,130,92,291,516,2096,218,125,748,476,128,490,132,565,112,60,537,264,2245
578,1075,86,28,393,37,104,191,104,320,519,2369,220,125,767,474,128,489,280,570,93,58,957,480,2257
265,1065,86,24,391,34,102,139,82,354,748,5083,216,125,627,476,132,489,124,558,103,57,1351,210,2243
257,1078,85,24,393,34,103,110,90,314,517,8305,218,130,509,476,128,511,187,584,108,69,962,242,2255
251,1063,108,24,390,35,102,126,82,336,518,5201,219,130,497,480,125,484,188,550,104,163,4575,364,2245
264,1056,130,26,393,34,102,135,327,288,516,6692,220,127,487,474,131,516,334,554,130,81,4517,344,2243
270,1071,88,24,375,32,102,115,152,326,517,11148,217,130,460,443,130,489,344,724,173,92,1481,592,2248
267,1079,85,24,456,33,101,269,82,286,516,8228,219,127,458,475,128,487,423,551,193,57,1141,519,2244
256,1100,87,26,389,34,101,97,83,293,750,9949,219,126,465,492,130,483,345,548,104,82,1532,236,2258
773,1419,627,327,544,127,103,99,85,284,519,13421,220,126,467,475,130,488,138,547,100,73,4198,226,2264
283,1131,85,24,391,32,104,115,83,298,518,23045,218,139,456,474,130,487,1454,609,96,57,2376,509,2255
271,1062,87,28,392,32,104,98,82,550,516,23186,216,126,459,481,141,488,326,560,103,59,972,343,2262
257,1052,86,25,390,33,103,42027,106,286,516,20988,216,124,463,476,134,486,248,561,96,82,543,243,2244
260,1118,86,26,392,32,102,141,94,289,516,29015,219,373,484,674,128,543,115,633,90,75,538,267,2250
259,1083,542,22,391,32,102,105,83,283,786,28251,232,124,464,475,128,739,148,766,93,86,2371,271,2255
257,1082,85,27,390,33,101,94,83,329,600,47104,219,130,459,476,129,488,302,556,103,64,820,279,2414
259,1130,1141,23,389,33,101,148,134,298,536,196546,217,131,470,478,130,486,359,556,92,60,3156,370,2541
257,1112,108,26,391,32,102,111,476,287,517,52329,224,126,460,475,128,3458,476,569,92,57,3074,506,2254
263,1088,275,27,392,33,104,112,224,372,523,82474,219,126,465,475,128,507,286,583,92,56,7527,265,2428
253,1255,84,24,397,33,101,132,194,296,515,96857,219,133,602,474,134,486,465,597,101,56,1148,259,2419
264,1106,86,26,396,33,102,152,191,289,515,44780,217,129,464,473,129,616,387,550,92,74,535,281,2259
256,1232,85,68,391,33,102,117,82,317,683,220320,217,124,466,475,130,513,215,558,126,60,1036,290,2429
257,1248,88,23,395,33,106,117,82,290,516,81618,219,125,459,473,130,495,164,547,93,84,538,305,2306
256,5234,87,24,390,33,101,109,141,282,517,46801,220,126,458,477,128,567,269,667,100,73,1193,267,2254
262,47264,87,23,393,32,103,96,167,286,520,30899,220,130,461,506,139,488,161,582,114,93,891,411,2262
255,1182,106,38,391,32,102,171,537,284,516,28472,238,166,465,492,130,491,259,586,95,56,539,310,2256
282,1177,150,45,398,47,117,111,600,320,558,25314,219,125,462,475,130,510,194,559,96,56,1470,319,2275
260,1183,111,25,390,48,104,95,84,286,683,45612,218,158,356,475,127,510,415,547,110,59,4492,252,2261
259,1216,84,25,390,33,102,118,83,284,516,10093,219,125,351,479,130,3453,183,555,94,85,558,233,2587
261,1088,84,24,390,33,102,98,95,285,518,9527,222,127,356,473,130,498,292,563,109,60,4365,499,2253
261,1080,85,24,391,33,101,111,448,287,532,177573,217,129,352,474,134,488,263,574,91,61,1044,532,2274
253,1083,83,27,389,41,103,189,93,309,520,11496,219,130,352,618,134,487,503,554,92,60,971,238,2250
257,1101,85,26,390,32,109,114,154,292,517,6164,219,123,357,474,128,490,116,550,119,58,579,515,2266
250,1485,110,24,396,33,103,162,95,280,683,6093,217,124,350,468,130,494,873,570,94,60,534,286,2269
254,1097,94,28,384,34,101,183,84,328,516,6302,230,149,355,443,125,489,446,579,94,58,3480,264,2260
255,1113,114,27,401,37,104,113,95,358,517,6645,218,126,367,441,135,487,627,551,108,56,1068,267,2280
253,1097,107,25,364,33,118,94,89,287,516,7251,220,125,353,455,126,508,624,555,92,56,898,271,2275
255,1062,89,25,366,33,102,133,89,279,516,6220,219,130,371,441,132,666,523,568,100,63,1368,265,2264
254,23139,83,38,363,34,102,113,89,285,515,7045,217,130,364,465,127,511,462,572,106,65,1054,268,2472
257,1206,136,24,382,33,101,42109,90,281,683,5937,243,127,367,475,128,1078,550,553,94,59,902,274,2254
258,1127,105,31,389,33,101,110,92,324,569,5988,219,124,382,479,128,589,685,558,90,58,810,245,2265
254,1186,882,27,395,33,101,100,100,283,519,5455,218,131,357,476,130,488,356,550,91,60,705,241,2258
257,1129,107,25,390,32,104,108,85,293,517,5786,221,125,358,473,130,3497,682,553,92,60,881,265,2263
263,1101,132,26,396,33,102,130,87,304,518,5072,217,126,374,476,130,492,1039,562,93,112,527,242,2400
621,1084,113,26,391,32,104,110,379,289,517,4817,219,125,359,472,130,515,964,559,91,115,548,1843,2248
253,1058,84,24,391,33,102,109,86,284,683,5424,219,130,613,473,133,485,627,562,97,59,2840,519,2261
256,1061,82,25,391,33,102,110,82,295,516,5174,217,126,388,474,129,498,775,570,92,56,532,281,2273
255,1059,84,27,392,33,104,95,84,283,517,5744,217,124,368,483,135,894,799,703,91,56,1049,232,2251
259,1098,105,25,391,33,103,108,82,304,518,6202,216,133,376,476,128,486,684,549,94,76,696,269,2268
250,1126,82,25,394,33,102,202,99,315,518,5217,217,130,397,487,129,487,668,557,97,57,1067,268,2270
263,1062,85,30,390,37,106,154,95,331,516,4611,217,154,359,471,131,485,454,552,91,58,534,236,2331
255,1142,130,27,390,32,102,107,156,313,682,5123,216,130,368,474,131,485,659,557,122,59,885,237,2268
255,1188,106,24,397,733,104,115,88,338,516,2848,218,127,505,481,129,310,623,582,140,56,522,235,2266
258,1084,107,27,391,32,102,111,83,304,516,4613,221,126,447,481,128,338,526,563,97,57,538,251,2263
258,1106,85,24,393,32,101,107,739,286,4794,4115,220,125,534,476,132,306,604,557,92,56,527,500,2269
256,1079,129,26,391,35,103,205,367,308,521,2209,220,126,376,474,130,308,1329,575,113,56,793,270,2357
259,1680,84,25,392,32,105,137,83,287,516,5796,220,125,515,478,130,305,2685,642,121,57,1216,516,2261
263,1076,83,24,392,33,125,113,91,307,682,2026,219,132,361,474,131,339,443,816,137,62,529,262,2257
259,1064,269,27,393,33,103,123,644,292,519,2238,218,127,512,475,130,562,443,630,123,60,533,507,2256
257,1117,85,26,392,35,106,99,796,365,521,2009,221,130,380,479,130,328,426,554,123,61,980,243,2261
298,1124,233,26,398,34,102,144,87,313,517,2024,510,127,371,475,130,305,194,553,121,58,699,1814,2263
534,1120,87,23,394,35,110,115,142,347,521,2237,218,189,368,477,132,448,550,590,287,64,706,871,2266
270,1105,84,24,391,33,104,109,85,286,517,4457,220,128,366,478,132,322,350,584,117,60,559,297,2256
255,1511,85,25,424,33,104,101,211,325,689,2269,219,129,364,476,130,309,416,658,99,66,4444,238,2259
264,1059,83,25,400,33,106,183,223,354,517,2469,240,125,391,474,130,329,209,800,123,58,533,359,2264
281,1064,86,24,398,34,107,105,83,296,518,3832,220,134,383,483,149,307,642,585,167,65,525,1508,2257
819,1077,83,24,399,33,111,4834,95,331,519,2914,220,125,394,484,129,324,1056,570,231,60,895,844,2258
283,1238,90,38,392,462,134,113,139,341,560,2014,271,128,355,476,133,336,476,638,112,62,903,234,2265
260,1107,84,26,414,34,103,181,807,307,516,3923,247,172,408,484,133,365,506,550,108,81,5804,343,2736
322,1080,84,24,392,33,103,109,976,332,750,2149,219,126,381,477,133,324,799,576,98,120,4150,266,2259
673,1828,84,23,414,33,104,150,386,319,563,2376,217,130,392,479,138,561,888,603,93,117,965,11894,2566
375,1082,84,24,392,36,103,96,470,372,516,2594,221,128,374,476,130,308,697,563,101,2625,1514,258,2274
321,1133,83,26,392,35,105,194,150,396,518,2136,220,127,375,506,130,330,813,628,121,6015,892,1053,2289
335,1072,224,25,396,36,103,113,84,348,516,3870,219,155,364,477,135,332,706,572,93,74,1140,674,2784
314,1066,256,31,408,32,102,132,101,294,518,2295,217,127,373,481,130,319,554,556,112,66,839,243,2318
621,1092,196,48,393,33,104,127,102,434,751,3020,218,127,412,478,130,342,1010,602,121,112,897,233,2478
267,1081,90,39,1047,33,103,110,83,478,519,2075,229,128,353,478,132,307,779,665,97,70,533,2121,2525
290,1132,86,26,395,37,103,111,283,310,517,3628,219,125,356,481,132,307,347,611,127,146,2358,441,2533
743,1095,85,28,401,32,103,168,169,549,516,5492,241,128,357,482,135,328,669,561,106,3309,3207,220,2708
342,1071,86,37,395,34,102,148,84,332,518,6064,229,125,358,484,129,314,602,650,114,73,536,206,2323
301,1132,219,28,393,35,108,100,85,324,518,4462,217,150,371,480,129,309,556,603,106,72,1024,250,2343
309,1099,86,25,393,32,103,118,82,330,941,2153,220,125,409,476,134,307,448,559,104,85,1284,1843,2320
272,1118,85,26,402,33,102,137,84,1768,516,1957,228,127,352,477,129,323,531,621,101,72,1857,480,2319
279,1289,86,27,394,320,107,106,152,337,517,2137,245,125,392,482,129,324,986,5775,116,64,532,500,2311
263,1096,131,24,404,33,104,147,127,504,516,2277,223,127,582,494,133,313,924,549,187,83,1552,279,2314
331,1128,249,26,393,34,160,109,83,288,521,1939,228,128,442,476,133,323,2255,558,111,489,1395,505,2325
289,1104,86,25,411,32,104,113,803,324,2620,1920,220,126,492,480,137,306,949,670,141,115,2195,1811,2319
286,1121,88,27,396,33,105,114,83,407,519,1954,220,125,433,508,143,349,490,603,109,110,876,332,2314
1110,1638,84,24,393,34,102,155,85,301,520,1955,217,125,359,479,132,367,857,598,110,94,889,798,2247
680,1087,107,26,396,34,105,129,271,305,519,1921,226,126,365,483,129,311,697,593,114,57,532,217,2248
308,1093,85,26,392,33,102,151,254,300,522,1920,219,127,405,486,131,311,752,656,116,71,875,213,2252
278,1054,84,24,395,32,102,115,100,303,517,1974,220,125,358,480,133,326,880,661,128,93,525,244,2255
273,1133,212,25,395,33,105,176,125,297,756,1994,223,126,354,477,135,308,718,727,100,456,6052,302,2252
710,1082,84,24,391,35,102,96,84,395,516,1957,236,127,347,485,130,312,1117,621,117,68,3243,1067,2244
280,6703,86,27,393,34,102,101,83,334,515,2990,234,127,354,476,136,306,1200,560,121,216,1568,258,2246
266,1172,83,26,395,33,103,135,83,378,517,1979,217,130,351,476,129,313,1435,748,104,102,5364,223,2246
274,1103,195,25,394,34,104,2218,429,307,520,1987,224,128,354,477,129,326,356,553,137,62,2433,247,2248
734,1097,85,94,392,37,107,98,114,346,526,1970,219,127,364,479,129,330,617,578,110,95,900,232,2257
263,1200,213,33,393,34,101,170,387,288,745,1965,227,127,355,477,131,310,2425,590,290,199,536,480,2246
275,1096,225,27,415,32,103,97,81,286,519,1931,253,126,352,473,257,329,1106,609,101,382,534,485,2243
269,1074,255,24,391,33,102,111,82,347,517,1978,225,125,362,478,131,311,687,660,90,2073,5674,223,2245
311,1076,264,24,392,33,101,108,96,337,521,1974,217,130,486,481,129,308,438,732,104,697,3937,313,2245
309,1090,139,24,392,35,102,189,636,290,516,1907,232,125,350,474,157,314,499,594,113,102,957,1692,2389
271,1056,106,25,393,84,102,121,87,347,519,2072,217,363,351,476,129,324,1557,622,103,72,4465,494,2247
293,1110,1458,25,392,35,103,98,83,301,800,1954,238,126,358,474,130,308,666,556,158,214,899,607,2245
290,1090,86,25,397,33,105,143,82,300,517,1897,219,125,357,480,129,308,743,585,89,111,960,221,2251
257,1116,223,22,391,34,103,128,83,294,516,1906,219,132,357,477,129,329,891,616,90,62,1140,460,2247
419,1078,84,24,391,32,102,96,258,285,517,1897,217,125,358,474,131,571,601,602,103,60,879,2093,2244
257,1345,180,26,390,32,102,132,82,397,520,1927,388,126,368,480,128,314,1350,554,92,104,533,503,2534
269,1108,266,23,390,33,106,169,92,338,570,1921,220,131,369,483,131,310,744,543,109,57,1365,485,2246
274,1084,111,25,399,33,101,139,88,310,4904,1941,216,160,351,478,131,311,339,653,93,91,4036,534,2247
290,1078,289,28,391,46,123,112,106,312,580,1906,219,127,366,476,128,349,1157,599,93,65,532,220,2245
258,1132,1055,25,393,33,102,94,85,336,569,1941,263,132,351,475,129,356,562,551,92,59,899,222,2248
255,1221,89,25,392,33,102,99,83,292,569,1954,218,285,350,485,128,311,837,660,91,66,4144,255,2251
255,1055,54198,27,390,33,104,42092,81,345,568,1954,218,125,359,474,128,306,733,591,90,128,4439,362,2264
263,1212,114,23,391,32,101,98,82,328,591,1907,218,127,354,483,130,326,813,553,102,72,5652,525,2252
258,1077,105,26,390,32,102,96,100,296,756,1924,217,126,350,472,129,307,603,577,91,59,965,344,2261
249,1075,85,25,389,33,102,114,81,286,518,1968,217,124,351,477,128,308,722,552,111,58,5633,497,2252
284,1058,343,23,390,32,102,126,84,313,518,1975,218,124,357,476,129,325,742,552,105,282,2017,270,2257
248,1148,259,25,390,33,102,96,135,287,517,1976,218,128,354,472,129,307,272,569,103,292,527,222,2242
250,1091,227,84,391,32,101,155,82,304,517,1918,217,155,349,473,129,308,734,602,119,696,891,244,2257
278,1092,228,26,391,32,102,132,85,295,516,1972,217,124,353,473,131,408,563,548,99,97,2861,318,2600
364,1073,84,25,391,33,102,120,776,347,756,3849,218,124,358,472,128,323,1809,558,91,92,892,238,2258
246,1110,88,24,391,32,102,146,86,282,516,1978,255,125,351,473,128,306,1373,594,120,94,2800,238,2245
250,1076,85,24,390,33,101,145,82,292,516,2209,220,134,347,484,129,311,166,786,108,56,534,499,2251
247,1100,83,26,392,33,101,113,98,325,517,2130,227,124,354,474,128,311,1399,595,119,80,1950,236,2254
252,1124,83,24,390,33,102,137,82,286,517,3126,219,126,357,473,132,479,1295,559,92,73,531,249,2263
255,1103,84,25,390,33,101,132,82,336,516,2285,217,125,358,478,129,350,1110,576,102,56,525,520,2255
250,1099,122,23,393,33,102,113,220,297,750,2061,216,125,361,472,130,320,900,557,105,61,1181,234,2250
252,1087,248,23,390,33,104,95,1533,395,518,2264,217,126,352,475,133,336,993,543,99,57,3306,267,2247
257,1101,220,41,393,32,101,134,84,292,516,5298,219,126,357,477,129,305,375,555,93,56,890,233,2248
249,1098,84,24,391,56,102,293,89,330,518,3267,220,126,356,474,129,308,1221,584,174,57,530,262,2273
248,1073,84,23,393,34,102,214,128,296,516,5746,220,126,348,473,128,319,1437,555,150,65,1215,441,2255
286,1054,113,23,440,34,104,98,145,296,518,5053,216,124,352,474,129,314,577,584,130,63,536,554,2253
248,1064,85,27,390,72,101,96,88,283,748,5441,216,125,352,480,129,305,1179,548,102,110,532,273,2246
252,1274,205,24,398,32,101,117,82,321,518,5685,219,128,362,473,129,309,1100,554,119,56,1114,233,2241
251,1077,86,25,391,36,103,109,87,288,517,5784,217,125,643,475,129,305,521,3513,109,58,885,274,2273
251,1076,91,26,391,34,102,138,87,291,517,5812,219,126,367,473,132,308,1317,556,97,56,553,488,2249
254,1088,258,23,402,33,102,153,93,340,516,5716,216,127,352,473,140,325,617,611,92,61,951,285,2251
256,1119,86,27,393,32,111,109,298,285,518,5893,219,125,371,472,139,307,556,551,100,74,3838,514,2256
249,1054,85,26,390,33,101,132,94,337,745,5104,219,125,354,502,130,327,643,580,98,75,530,273,2257
252,1089,880,23,391,34,102,97,91,332,516,5618,216,124,351,471,130,554,944,565,92,64,965,297,2256
254,1119,107,23,352,33,102,113,86,287,517,5487,226,129,348,474,138,306,665,592,97,58,532,242,2271
250,1201,86,29,392,37,101,98,181,290,522,5219,216,301,346,473,130,308,727,565,141,66,2433,288,2360
255,1112,246,24,391,34,104,190,149,284,516,5587,220,125,348,474,129,332,4680,565,101,68,535,256,2258
247,1111,108,25,393,33,104,125,560,283,517,5481,216,158,354,472,182,306,1623,615,99,4231,894,360,2259
269,1131,89,34,389,34,102,94,460,304,874,5603,260,125,353,473,130,307,752,581,121,76,1553,266,2269
250,1104,107,23,409,33,103,153,135,513,518,4403,216,135,350,477,133,309,332,558,104,77,891,319,2253
252,1114,86,23,403,33,107,110,82,296,516,4253,217,128,353,472,129,308,744,559,101,59,4014,252,2246
250,1136,106,25,391,38,115,104,121,290,522,3031,217,130,357,476,136,321,865,560,109,91,532,269,2257
248,1072,112,25,392,34,103,152,217,294,516,5442,216,123,357,472,165,310,1482,567,101,58,541,244,2252
250,1203,110,26,390,33,103,161,150,287,517,4229,219,128,354,477,160,307,1230,572,96,2745,700,263,2257
252,5363,86,39,408,34,101,95,127,280,747,2669,216,132,350,476,131,308,1232,564,92,57,1627,266,2255
265,1092,109,60,391,60,3093,107,198,300,519,3245,220,129,351,3379,130,331,756,557,93,58,910,520,2283
266,1715,913,42,392,32,101,118,92,284,516,3439,216,124,352,473,129,313,472,567,109,58,808,284,2246
250,1479,227,40,392,33,103,93,90,310,516,5440,219,127,348,472,130,307,843,577,99,86,567,487,2254
249,1096,107,22,397,34,102,153,83,296,517,9268,216,301,353,472,132,306,420,555,93,58,879,291,2260
245,1468,85,34,391,33,105,183,82,299,516,6656,223,131,352,474,130,308,1098,556,102,63,570,601,2248
258,1055,106,36,390,33,104,98,91,282,744,5987,220,124,353,472,129,325,1318,555,94,80,1704,270,2253
249,1075,106,25,391,33,102,109,82,287,517,6295,216,129,366,473,136,324,1925,586,98,75,1009,283,2257
256,1068,109,26,391,33,102,164,85,314,515,5509,216,124,358,478,132,306,727,589,93,62,3827,270,2396
252,5126,139,28,390,33,102,204,91,294,516,2105,275,129,356,472,130,342,432,563,94,63,524,272,2251
253,1094,112,26,392,34,101,157,81,290,516,5494,219,129,347,477,131,306,1290,567,93,73,530,262,2273
248,1113,115,25,391,32,101,115,90,319,520,4327,219,129,352,476,137,307,979,546,92,63,530,270,2267
255,1130,106,27,392,33,108,124,118,341,746,5413,217,125,358,471,129,331,1253,9501,97,62,1069,262,2262
250,1109,102,23,392,34,103,93,86,292,517,6235,216,131,368,472,130,365,400,615,119,68,701,291,2262
249,1102,84,25,412,33,101,144,96,286,516,5496,217,128,352,472,130,394,1294,561,91,59,1096,254,2260
250,1086,106,27,390,33,102,120,83,281,516,3637,218,130,359,473,128,331,1467,550,102,58,1354,242,2253
254,1081,1064,24,419,33,102,184,82,336,518,3756,219,125,354,471,128,307,892,544,100,60,529,288,2256
254,1244,135,26,394,32,102,115,97,281,517,6241,218,154,410,472,132,307,1627,581,105,58,532,265,2259
256,1307,107,24,390,33,104,109,82,293,744,3556,220,130,358,521,129,307,345,566,91,59,897,268,2486
252,1089,108,25,391,33,101,96,92,326,517,3861,246,168,351,474,133,326,403,646,91,58,1050,1927,2247
251,1108,108,32,390,33,110,126,104,363,518,2433,231,124,359,474,133,323,1392,552,92,59,527,522,2263
250,1062,131,24,391,33,104,93,83,291,517,2075,216,125,354,472,130,308,707,555,104,59,531,293,2259
254,1204,86,24,395,33,103,275,81,289,516,3041,221,129,351,475,131,315,1185,759,93,56,701,529,2254
247,1104,106,26,389,32,103,228,122,299,516,2057,219,154,350,472,145,311,3716,547,95,79,712,250,2271
252,1464,240,25,486,32,101,132,83,311,749,1991,259,125,350,474,129,306,1074,564,92,60,534,403,2246
252,4839,132,23,390,32,288,108,230,328,516,4325,219,128,351,474,130,307,1623,546,92,59,1352,501,2255
250,1055,86,26,389,33,101,108,88,324,518,2517,220,127,347,475,129,308,642,965,93,57,983,520,2260
252,1103,85,56,390,34,102,133,82,301,517,2103,219,124,354,476,128,309,160,8119,91,71,889,245,2250
252,6510,88,30,391,32,101,138,81,289,517,2497,217,125,357,472,130,310,1959,557,91,419,701,242,2258
250,1534,113,24,394,136,102,95,80,289,516,1970,217,125,354,480,128,307,520,546,92,56,887,518,2248
246,1105,102,24,392,32,101,110,82,323,745,2572,219,125,350,473,128,813,679,553,95,58,708,506,2252
250,4078,82,24,389,34,102,93,148,284,568,2174,216,126,358,473,131,309,1074,545,97,56,893,519,2270
251,1066,86,25,396,33,101,111,81,303,516,3194,225,124,380,475,131,308,464,593,91,56,714,424,2286
253,1167,85,24,391,33,103,107,189,302,516,2067,220,125,357,472,128,311,948,549,92,165,533,316,2259
252,1133,86,24,393,33,101,154,363,291,517,2359,216,154,356,475,131,307,593,546,92,56,532,288,2250
251,1123,85,26,390,33,103,95,81,283,516,11033,218,127,358,7032,128,326,1174,949,90,56,1484,240,2255
250,1411,106,24,390,64,102,118,476,281,755,1977,219,125,354,473,128,313,470,550,93,56,893,234,2258
248,1055,108,25,391,34,104,96,82,324,516,2402,221,129,353,473,128,323,1536,551,156,56,891,531,2255
249,1113,261,25,390,40,101,100,83,283,517,2212,216,124,348,474,129,307,679,556,92,58,699,545,2256
248,1059,86,25,391,32,102,122,81,289,516,1944,217,130,354,472,130,305,542,614,92,58,535,674,2259
254,1125,85,24,390,33,103,163,82,284,517,2023,296,124,357,472,128,810,117,569,101,61,885,262,2250
246,1097,132,26,400,33,106,140,81,283,517,2031,220,125,357,473,128,429,111,623,102,97,530,240,2248
250,1109,84,24,390,69,101,106,83,288,748,2743,219,127,350,472,129,305,210,612,91,76,1651,1061,2248
244,1067,240,25,392,32,112,94,124,278,519,2088,221,125,351,478,129,308,938,544,118,57,975,735,2262
251,1065,85,28,394,34,102,98,121,284,516,1939,218,124,357,499,131,309,633,564,92,56,1442,241,2272
248,1101,84,23,392,34,105,111,114,288,517,1975,216,125,350,472,128,305,950,571,94,57,1175,225,2254
252,1102,83,26,391,34,104,145,92,295,526,1941,218,124,358,473,128,307,593,633,96,56,529,242,2256
256,1108,140,24,391,32,103,110,82,289,516,2292,222,124,353,476,128,309,702,546,91,64,1237,280,2354
244,1057,220,25,390,33,101,95,596,333,699,1922,217,126,396,474,130,304,1206,564,90,59,3195,302,2259
253,1096,82,24,392,185,101,96,676,304,516,1930,216,125,375,472,128,307,1520,604,90,56,1177,506,2509
267,1079,84,24,391,34,105,139,722,306,517,1931,219,124,347,475,129,308,531,560,99,57,539,240,2483
252,1140,109,24,393,32,102,110,254,301,517,1949,221,125,353,474,129,306,589,563,111,69,907,235,2263
255,1088,85,23,391,33,102,5328,82,294,517,1899,217,125,355,473,129,306,3083,580,103,67,527,285,2240
250,1056,83,25,391,38,103,95,84,290,517,1985,217,154,353,471,130,320,1271,957,102,63,969,520,2256
493,1330,82,24,390,33,102,95,82,325,701,1974,244,130,348,475,128,309,745,557,102,59,528,263,2254
250,1134,85,23,391,33,106,114,81,298,514,1930,217,126,346,473,128,556,462,598,100,68,940,519,2643
256,1119,223,25,391,32,102,94,102,283,518,1984,216,126,345,473,130,311,677,565,101,672,957,259,2258
258,1111,246,24,391,32,101,111,82,336,515,1979,217,125,352,473,128,310,1134,566,101,79,3820,229,2254
257,1072,84,22,395,33,104,7177,104,286,517,1963,219,125,346,473,130,306,1050,560,259,56,887,244,2256
246,1078,86,24,391,33,101,121,83,294,518,1911,219,125,356,475,128,307,554,570,99,56,532,238,2257
251,1091,87,22,393,34,101,108,93,291,2956,1941,219,125,352,473,129,352,658,556,92,62,1357,508,2960
248,1179,83,23,393,32,103,97,90,295,527,2016,218,158,369,480,128,317,1710,551,90,88,880,256,2249
253,1136,207,24,393,33,104,107,105,308,517,1940,217,125,358,474,130,307,1284,607,98,80,526,234,2241
262,1091,86,52,394,33,104,93,714,282,517,1992,217,132,365,475,130,324,673,551,103,78,879,480,2249
262,1059,84,26,391,35,105,186,83,308,518,1931,216,126,346,475,128,308,672,552,117,56,887,645,2286
263,1491,87,25,393,34,105,110,82,290,516,1965,217,124,352,478,129,311,2003,545,91,61,533,641,2245
264,1069,84,24,391,33,104,94,97,322,701,2095,218,123,353,473,130,331,1368,600,89,57,893,236,2295
263,1078,84,23,390,34,102,108,91,299,515,1978,217,124,354,472,128,323,1164,564,90,65,2613,243,2240
261,1052,84,25,393,33,102,138,83,290,516,6312,221,124,354,474,129,307,1153,540,92,71,888,246,2235
270,1068,85,22,391,32,101,93,82,291,516,2142,216,155,368,477,128,340,721,549,114,59,2425,255,2236
258,1077,265,23,390,36,101,97,84,288,517,3595,218,126,385,473,128,309,1039,551,91,72,528,483,2238
267,1066,83,24,394,33,105,132,81,314,518,2044,216,125,356,472,131,323,1237,633,91,64,4392,233,2237
264,1079,84,26,392,33,102,96,82,285,705,5281,217,124,357,472,128,307,706,661,91,61,4320,240,2240
277,26974,85,24,393,33,102,108,84,284,516,3077,216,128,401,485,323,308,977,574,92,59,531,277,2250
254,1088,229,26,390,59,102,5152,81,278,517,4709,236,124,353,472,130,556,726,551,93,58,1066,258,2249
262,1103,84,25,389,33,102,95,395,288,516,1980,219,125,347,473,128,307,749,605,109,88,528,235,2262
256,1408,86,26,391,33,105,111,81,277,516,2010,217,126,352,471,132,325,1011,608,100,60,1997,521,2245
259,1073,104,25,391,34,102,113,83,314,518,2274,264,129,351,476,129,323,953,558,115,82,869,255,2316
259,1396,85,25,390,33,102,110,105,282,724,3319,218,125,354,477,130,323,669,562,107,64,533,233,2240
256,1073,200,26,390,38,101,100,126,290,517,5190,217,128,349,472,128,310,1194,556,106,65,528,256,2239
255,1492,84,25,393,33,101,5146,81,358,517,6204,255,125,354,475,130,307,556,549,151,64,623,237,2384
259,1120,86,25,407,38,104,113,89,291,518,3345,217,127,359,473,130,306,543,588,96,57,1033,517,2247
254,1405,215,26,685,33,104,111,81,377,519,5600,221,125,358,472,129,308,296,557,104,60,532,391,2242
253,1075,83,26,390,32,103,99,85,284,516,4527,216,141,357,472,128,305,407,570,92,113,1042,252,2241
275,1089,84,25,390,33,103,95,83,286,2712,2400,216,128,364,478,128,308,2480,558,93,66,1486,262,2239
268,1103,235,25,392,33,102,46509,82,325,527,4091,306,253,351,496,175,309,606,594,121,56,1048,280,2244
259,1133,104,192,474,33,102,200,1305,314,434,2442,216,123,358,472,128,310,494,555,91,102,527,280,2286
923,1691,84,26,391,34,275,95,229,441,578,5695,218,124,351,470,130,411,478,586,92,57,907,237,2305
257,1127,84,25,391,33,101,107,82,288,517,5106,217,128,351,471,128,306,595,547,92,58,3826,241,2250
259,1104,87,24,409,33,101,129,101,292,523,3390,220,125,358,472,129,312,213,548,91,58,533,235,2244
256,1110,84,24,391,33,102,93,83,372,713,2212,218,155,357,471,130,318,824,564,107,62,886,239,2250
255,1101,83,23,390,33,102,109,81,330,517,4870,220,126,354,472,128,340,598,577,91,58,542,392,2238
255,1113,151,26,390,32,103,93,82,286,516,2031,217,125,354,473,128,556,232,549,100,92,1174,508,2246
256,1100,105,23,396,33,100,110,83,293,518,2913,220,124,360,474,131,324,112,624,99,58,2891,259,2238
257,1119,88,25,390,33,103,111,94,292,516,1958,218,124,353,473,130,308,192,548,126,56,898,231,2283
259,1112,85,24,390,33,104,153,82,331,517,3258,220,126,357,475,129,316,212,551,110,67,533,269,2233
270,1145,106,25,390,33,101,109,82,292,699,1988,219,126,348,475,129,308,224,548,95,76,1111,417,2240
259,1094,85,26,389,32,102,131,82,319,517,3855,272,125,367,474,130,306,261,547,103,56,893,342,2239
256,1058,187,24,390,33,102,108,82,290,518,2932,217,123,366,473,128,312,349,612,110,65,527,263,2242
252,1158,107,23,392,33,103,102,83,294,517,1981,218,124,351,478,128,305,370,630,96,60,538,424,2240
256,1109,84,25,390,33,102,115,82,286,516,2010,219,126,352,484,130,322,329,580,93,2066,1007,511,2242
258,1123,85,23,391,33,101,5153,82,292,519,2054,219,126,358,479,129,307,435,554,111,62,525,285,2244
256,1059,324,23,390,33,102,5101,84,287,699,2042,219,124,351,476,128,321,213,624,92,58,1156,365,2251
259,1241,107,26,393,33,107,126,82,287,517,2207,218,125,357,472,131,310,380,578,98,60,1100,517,2297
300,1178,84,25,391,32,103,115,82,338,516,6140,220,125,359,472,128,323,261,562,93,70,889,252,2248
256,1289,237,23,392,32,102,150,81,286,519,5923,220,129,353,474,128,309,134,584,94,61,898,256,2250
253,1092,84,24,390,34,105,125,84,293,516,6085,218,154,355,475,128,309,138,557,103,82,526,259,2255
260,1129,87,26,391,34,102,95,88,341,516,2301,258,130,347,473,128,308,413,551,100,68,1057,236,2249
264,1107,106,23,394,33,102,109,81,299,700,2261,218,125,352,476,129,324,309,657,100,3548,527,280,2247
262,1118,82,27,391,34,103,231,83,287,517,2652,219,159,358,472,130,307,229,543,100,70,527,286,2246
275,1128,85,22,390,32,101,105,83,328,517,2426,217,153,354,474,128,309,174,554,111,56,949,243,2250
251,1124,83,23,391,33,102,129,90,287,517,1971,221,124,354,474,130,325,177,723,100,58,1031,286,2866
260,1107,83,26,390,34,102,110,86,316,516,2172,217,130,348,473,130,668,200,566,147,94,885,285,2250
260,1110,85,24,390,31,103,96,110,291,517,1992,218,126,354,473,141,306,177,683,99,73,551,236,2308
259,1139,83,24,391,154,101,94,81,301,700,2235,217,130,358,487,138,306,159,564,100,65,3832,266,2246
260,1505,107,24,389,32,101,95,87,290,516,3058,217,127,347,474,130,323,309,551,111,92,527,255,2248
255,1121,85,23,390,32,103,104,695,290,516,2134,219,163,351,484,133,478,303,556,90,7497,947,255,2252
259,2731,150,25,394,33,102,2217,91,314,517,2233,223,123,357,472,138,306,196,554,93,58,534,252,2250
262,2459,86,27,389,63,109,111,118,330,520,2026,220,125,351,473,138,342,130,631,93,60,961,370,2257
255,1121,85,24,389,34,104,95,592,300,518,2109,222,130,357,475,130,307,230,571,96,58,2550,509,2251
253,1098,85,24,391,32,100,110,170,284,700,2058,217,128,367,480,128,308,162,598,110,62,3820,505,2254
256,1124,112,26,389,33,105,118,157,295,516,2432,220,134,356,476,132,330,179,564,308,5056,1029,706,2324
255,1109,84,23,392,33,101,95,150,396,517,2767,218,141,358,479,139,557,120,556,105,59,1375,272,2238
255,1131,84,24,391,72,103,4312,266,356,516,2139,219,126,352,475,132,306,113,543,94,57,1293,506,2250
255,1110,84,27,390,33,102,137,107,296,523,1915,218,127,351,476,137,313,175,553,95,58,542,603,2254
252,1104,115,24,389,33,101,114,249,287,516,2009,220,124,355,473,129,310,151,556,107,61,530,263,2252
257,1368,103,25,396,32,103,118,799,325,701,1981,218,124,360,472,130,321,193,544,119,65,1179,257,2249
253,1126,108,24,393,33,115,108,82,297,516,1904,221,188,352,474,129,306,139,554,102,56,885,242,2262
257,1140,91,24,391,34,103,96,133,297,517,1995,219,130,349,473,130,308,140,545,584,58,526,567,2250
258,1121,164,25,393,33,101,172,82,298,516,2301,254,130,353,472,128,308,273,553,98,18609,532,739,2254
266,5110,108,26,390,33,105,109,86,320,518,2059,220,124,351,479,130,305,159,547,101,59,3193,702,2246
257,1111,85,24,390,33,101,110,82,278,517,2564,218,130,361,471,128,307,297,587,92,61,691,580,2246
258,1146,111,25,391,34,102,96,95,312,700,2199,221,168,362,489,142,306,191,598,93,61,547,354,2251
253,1108,139,24,394,33,102,113,155,284,517,1897,219,128,359,480,132,308,193,566,92,57,1175,264,2252
258,1076,86,27,392,33,105,121,712,287,524,2025,218,128,358,477,130,307,129,555,91,93,551,253,2250
255,1408,82,24,390,34,104,121,95,295,518,1975,219,130,353,472,130,799,145,3509,93,63,4305,261,2249
261,1105,105,25,390,33,102,135,81,374,525,1931,217,131,356,482,135,308,179,557,93,59,527,254,2255
254,1527,116,25,9321,32,101,111,86,291,516,1897,217,129,355,479,131,312,147,558,92,68,705,260,2252
253,1064,105,35,400,33,105,98,83,284,2756,2142,218,127,357,474,128,306,154,563,92,68,3814,525,2242
271,1127,105,48,390,39,101,139,91,278,519,1968,219,136,355,473,130,311,123,560,96,104,710,259,2245
261,1105,83,23,390,725,107,101,83,286,517,1984,217,124,346,478,131,336,112,587,92,58,2526,256,2252
254,23111,133,26,391,33,103,108,251,292,519,2094,218,125,360,474,130,333,257,571,93,63,527,257,3373
253,1117,175,24,392,33,102,107,96,293,518,2142,218,125,355,480,147,587,176,544,3615,62,699,237,2256
253,1237,105,23,391,34,102,94,278,291,517,1951,217,134,346,473,132,306,368,542,91,59,1032,256,2260
257,1097,106,24,390,33,102,122,82,297,700,2062,220,126,354,472,136,310,177,554,94,59,703,236,2252
265,1494,132,25,390,34,103,2213,84,285,517,1991,218,125,374,474,134,831,381,546,93,58,897,228,2253
254,1861,104,25,393,33,103,97,1101,314,517,1952,219,134,353,473,130,310,136,596,94,59,1786,1888,2263
257,1120,84,25,390,32,103,98,85,314,516,1943,219,130,352,475,130,310,389,560,99,58,951,241,2253
258,1227,84,24,391,34,101,110,82,287,519,1963,220,127,357,475,132,309,126,558,94,58,696,281,2249
251,1095,116,24,389,33,102,107,82,298,516,1942,218,134,356,477,131,307,389,552,91,59,1201,523,2244
259,1080,106,36,389,33,101,93,91,331,701,2036,217,130,357,473,158,311,171,570,91,60,887,264,2251
259,1098,105,29,391,32,101,2830,97,292,517,2006,219,126,353,472,129,310,148,545,105,59,561,479,2252
256,1105,107,22,390,32,102,107,83,284,517,2009,218,126,360,474,129,306,141,553,93,59,528,518,2303
254,1090,139,261,392,32,100,106,84,284,516,1993,221,125,347,474,128,980,498,552,102,59,695,279,2253
254,1108,104,26,391,32,102,41998,82,281,516,1966,220,131,358,482,132,309,229,545,116,58,524,501,2255
256,1061,83,25,390,33,104,108,820,284,516,1991,254,124,355,476,130,328,127,549,98,65,1057,551,2260
260,1060,88,23,393,34,104,94,160,281,750,1977,218,132,353,476,129,306,231,588,116,60,890,273,2252
254,1113,112,27,394,34,105,2233,126,286,517,2005,223,290,352,471,132,315,186,544,98,56,695,287,2558
261,1115,84,23,390,34,104,93,83,309,519,1966,217,131,356,473,128,361,200,560,114,68,696,237,2265
255,1102,83,24,391,77,106,116,94,297,518,1981,218,126,351,475,153,310,240,547,97,59,692,287,2244
261,1130,122,25,393,32,103,131,319,1103,517,1967,217,140,357,477,131,312,206,565,107,58,1106,562,2253
258,1115,116,23,400,35,105,125,84,291,518,1957,218,125,354,473,130,332,154,553,93,56,532,252,2504
263,1132,84,34,391,75,105,116,95,303,765,1956,221,128,371,473,130,308,254,554,93,62,892,360,2254
253,1079,86,25,390,33,102,7216,90,289,516,2000,218,124,357,472,129,307,284,590,91,58,529,271,2252
266,1058,89,22,391,32,102,107,83,290,517,1968,217,124,357,475,130,321,225,549,92,3934,1348,238,2253
259,1083,85,22,529,42033,102,156,88,295,517,1980,218,155,352,473,131,308,264,549,101,589,530,265,2256
261,1126,87,26,402,32,101,106,82,355,518,2000,220,124,351,474,131,314,240,542,93,57,1053,328,2250
253,1114,83,24,399,33,102,94,85,327,517,1977,235,126,357,475,129,447,200,552,101,58,881,500,2242
260,1067,83,25,391,416,102,108,92,288,751,1942,219,125,351,473,130,308,170,542,91,56,889,253,2242
261,1059,84,24,394,33,101,2325,83,293,517,1942,218,124,357,473,131,310,201,539,96,55,530,263,2259
257,1072,85,25,391,715,104,41988,82,286,516,2000,219,126,382,474,129,556,114,544,92,58,526,242,2252
256,1056,90,27,390,33,102,109,96,290,518,1923,220,125,360,481,130,307,145,552,92,56,528,488,2253
258,1063,106,25,392,37,109,93,689,351,516,2113,220,124,355,473,131,307,255,552,93,56,870,284,2252
254,1102,85,24,391,33,102,107,87,352,518,1934,260,132,354,475,131,309,152,553,92,62,696,225,2254
253,2568,82,24,392,32,103,95,81,296,750,1922,219,124,358,488,130,309,142,551,100,61,526,565,2253
252,1061,84,25,392,33,102,2230,83,320,518,1976,219,126,366,474,128,853,197,655,91,70,531,291,2253
260,1066,85,27,390,641,102,94,92,292,519,1956,221,126,358,474,128,727,390,777,90,56,531,521,2251
254,1097,85,27,394,32,101,93,283,344,517,1977,217,127,352,475,128,306,430,616,91,102,538,302,2506
255,1172,86,24,391,32,103,108,113,370,647,1982,437,154,364,477,129,306,419,592,117,61,539,478,2253
267,1069,84,24,394,32,102,95,82,306,516,2005,218,124,479,475,129,326,160,544,103,88,4666,255,2254
254,1126,83,24,397,33,102,100,87,350,750,1986,217,127,363,479,130,309,137,595,93,68,541,615,2254
268,1102,86,23,390,619,102,7244,82,289,517,1966,221,125,360,472,128,326,345,549,102,60,528,295,2249
469,1105,84,25,393,33,101,108,81,293,517,1979,219,125,349,481,129,309,221,555,101,61,529,239,2260
259,1175,84,25,399,33,116,97,83,346,517,2005,217,127,356,475,128,318,215,558,106,62,1233,234,2249
264,1084,82,25,392,34,107,109,82,341,519,2208,218,126,356,475,131,309,271,565,91,63,525,243,2248
257,1315,82,23,392,33,104,96,82,513,496,1962,229,126,359,474,129,318,395,556,102,60,566,277,2242
261,1419,83,25,393,33,102,119,82,290,697,2175,217,125,357,476,128,305,140,544,110,58,888,252,2244
261,1102,84,26,390,35,103,5138,326,301,519,2033,219,125,358,477,130,309,122,555,118,72,1017,285,2250
261,1068,255,25,392,33,101,108,753,297,517,5715,220,126,350,475,128,308,1001,574,103,57,803,298,2245
265,1082,82,24,393,33,103,110,126,284,522,5855,218,128,347,473,128,306,175,551,92,56,540,236,2241
598,1241,85,116,391,35,103,101,81,331,516,6543,219,174,356,475,130,310,399,554,101,6057,533,245,2238
260,1391,112,26,398,33,102,96,84,295,516,7393,218,126,356,663,130,321,558,555,106,66,527,268,2245
271,1064,84,25,392,36,103,117,86,347,704,5963,248,125,357,476,129,312,212,593,105,61,881,294,2257
262,1064,83,25,390,33,104,5186,85,375,516,6472,219,125,357,475,128,307,190,545,98,81,2595,271,2242
256,1056,82,25,391,35,104,155,84,310,518,9140,220,124,368,479,128,316,123,548,98,56,808,419,2242
266,1110,83,24,391,33,102,95,82,291,517,7248,219,126,358,472,130,307,2942,577,95,75,1109,365,2245
270,1063,85,24,392,32,106,121,81,296,518,7522,220,131,351,474,128,312,329,595,91,66,914,492,2246
256,1101,84,26,391,32,102,96,260,380,517,24388,220,125,354,472,129,321,346,690,101,68,1032,304,2300
264,1061,85,25,391,33,102,110,82,364,855,7753,218,128,366,473,132,309,291,554,148,3552,889,233,2240
263,1061,83,24,401,34,102,102,168,294,516,54230,219,127,351,474,128,309,159,597,94,64,698,226,2316
256,1094,96,24,392,33,107,180,428,331,517,11573,223,124,359,474,128,307,199,563,93,66,879,248,2240
269,1092,114,24,392,34,102,107,117,368,2616,6278,228,157,352,475,129,307,332,573,101,63,893,389,2307
252,1066,171,24,392,33,105,187,82,311,516,7666,219,131,357,473,135,327,427,568,96,77,532,247,2240
263,1070,83,25,410,33,24220,114,1634,354,516,6284,218,126,389,478,131,312,136,655,94,78,1039,223,2244
286,1161,85,26,392,32,102,95,83,372,517,6439,219,125,364,476,130,305,158,552,102,66,533,280,2242
256,4676,88,25,392,32,101,120,84,299,530,10618,217,125,347,486,128,340,168,678,115,57,893,349,2241
261,1088,274,24,390,33,102,106,83,320,518,13070,217,133,346,478,128,311,239,602,107,60,811,225,2247
264,1246,83,63,391,34,102,93,81,280,2884,13305,217,126,365,479,129,307,542,696,105,57,958,226,2240
254,1079,84,23,391,32,102,118,84,309,518,6731,221,129,357,477,130,574,134,566,91,4242,962,256,2240
259,1084,116,27,391,654,102,109,82,333,515,10474,218,131,358,473,127,307,404,747,92,61,534,216,2241
258,1069,83,26,390,33,330,189,83,291,517,6563,220,129,358,478,128,326,182,621,103,7547,936,231,2240
264,1072,84,24,393,34,103,5386,81,299,517,6368,223,291,461,474,131,307,113,558,118,8237,1189,256,2245
256,1064,107,26,531,33,103,2937,87,297,517,5975,218,124,355,475,129,388,266,554,103,98,534,595,2234
264,1078,101,27,392,35,101,115,84,356,2883,6897,218,124,356,421,129,307,147,548,97,72,533,262,2240
258,1056,86,25,391,33,102,108,82,297,517,7542,217,127,353,414,129,310,171,564,104,112,969,203,2251
260,1091,84,30,392,33,113,141,85,346,517,6236,218,133,367,412,128,307,205,605,100,66,875,431,2244
255,4701,91,25,499,32,103,101,85,365,516,9395,219,125,347,413,128,326,705,2122,101,7599,541,233,2252
257,1093,85,23,408,33,102,5150,82,480,516,9391,218,125,352,417,128,324,167,553,108,61,536,228,2245
259,1078,85,36,394,60,103,112,355,318,517,18540,218,126,351,410,128,331,125,825,108,66,836,243,2256
254,1054,101,23,391,33,103,107,86,349,2892,24440,227,124,347,410,130,305,169,557,93,90,527,264,2252
263,1071,105,22,393,35,416,100,86,333,518,13489,217,128,355,420,129,313,135,553,91,61,940,276,2250
253,1059,85,25,392,32,101,95,86,329,517,9276,220,125,352,482,128,311,156,751,94,92,2357,258,2257
259,1094,104,24,393,33,101,98,87,324,517,6300,219,131,354,410,129,568,119,615,99,93,896,230,2258
262,1189,85,25,391,33,102,2220,83,385,517,11957,218,125,352,413,128,307,157,591,115,59,530,240,2253
256,1128,84,29,390,433,102,101,533,328,517,5619,218,128,352,419,128,306,151,558,93,60,1207,220,2252
262,1093,84,23,390,33,101,109,83,352,2889,2361,219,124,356,416,127,308,277,553,121,56,3818,325,2251
258,1110,83,23,390,32,102,115,84,323,518,4393,218,124,357,411,129,323,408,560,100,574,2425,508,2257
263,1085,86,27,391,33,100,95,83,298,517,6100,219,126,346,410,128,308,480,581,99,138,532,217,2246
257,1103,98,25,392,33,104,102,89,315,515,5911,218,124,415,412,128,327,248,590,92,4274,1311,242,2255
270,1074,144,24,390,33,102,2593,83,368,516,7953,221,125,359,424,130,312,192,565,100,58,947,280,2256
258,1091,85,24,392,33,102,111,85,303,519,6814,219,125,358,412,128,344,291,578,213,72,1146,207,2253
255,1078,85,25,391,34,102,97,89,289,2884,8294,218,124,362,413,128,308,312,652,106,73,1387,233,2259
267,1109,85,25,391,33,102,106,85,295,518,5893,217,125,351,413,128,305,481,626,91,58,1034,240,2257
253,1204,85,27,391,34,102,121,83,309,516,6149,220,124,391,412,130,312,261,609,92,84,533,230,2620
258,1099,84,23,391,33,103,109,86,341,517,5728,218,124,362,412,130,307,217,607,104,167,948,245,2253
267,1079,82,23,393,34,103,5174,83,286,517,6323,390,125,357,410,128,320,356,544,158,83,529,227,2252
260,1068,83,26,393,33,102,110,82,330,516,5351,219,126,355,416,129,309,514,563,107,102,1391,210,2256
264,1108,86,23,391,33,103,106,86,298,2882,4428,219,125,359,412,128,310,208,567,104,219,1030,196,2257
267,1069,82,25,391,33,102,94,83,286,517,2048,221,127,362,410,131,512,213,554,115,89,531,373,2251
256,1073,84,24,390,34,102,109,83,324,517,2445,217,141,353,410,130,306,350,589,100,67,2427,214,2254
259,1103,150,26,397,43,102,95,81,290,566,1975,223,284,553,411,130,354,135,562,117,65,2432,702,2261
257,1117,110,24,390,32,458,2227,82,282,552,2222,217,125,352,414,135,367,189,624,94,57,1030,218,2319
261,1165,869,24,392,33,104,367,93,287,592,3188,217,133,346,413,141,325,401,1223,101,56,873,220,2302
266,1104,85,25,883,36,101,111,82,281,2948,2173,219,130,353,416,133,323,155,556,107,63,1374,303,2255
1016,1809,84,742,392,542,102,96,249,350,518,2751,219,125,347,411,128,328,110,570,102,64,1156,223,3303
258,1112,84,25,391,35,101,101,566,303,520,2134,219,166,348,482,135,308,409,552,109,80,807,239,2267
250,1059,84,24,396,34,117,108,82,329,516,2077,218,158,346,472,128,325,1257,560,93,142,550,398,2254
263,1054,449,26,390,61,102,5142,214,289,558,2009,218,130,358,472,129,339,145,573,98,67,918,215,2278
277,1259,84,24,511,34,289,96,158,294,515,2196,219,125,362,474,128,306,122,636,95,56,551,237,2653
726,1483,132,324,389,123,102,228,105,300,2877,2005,220,127,359,496,134,336,152,733,109,65,1476,232,2427
256,1390,112,27,491,34,101,109,152,293,518,1977,221,129,362,478,129,336,137,580,97,61,1285,312,2340
266,1094,110,26,398,35,102,115,202,284,517,2131,217,124,350,501,130,320,188,912,99,56,985,231,2570
259,1081,273,26,393,33,101,97,136,285,517,2007,223,125,367,473,134,309,355,688,97,57,952,229,2277
257,4224,122,25,392,35,104,5138,340,304,516,2217,217,129,350,475,130,310,247,568,94,61,4029,225,2280
385,1260,107,23,390,33,102,119,756,289,516,2241,227,125,353,474,129,306,170,793,93,65,892,249,2275
253,1056,83,24,392,33,102,108,151,286,2883,2370,227,157,347,475,130,307,203,615,92,58,960,236,2268
260,1059,84,25,393,35,106,107,95,281,516,1997,229,124,352,472,129,309,181,553,93,59,539,205,2253
258,1103,143,24,392,34,102,95,83,309,516,2402,222,129,353,474,132,308,440,554,108,70,2829,272,2264
261,1056,106,23,394,125,105,108,94,288,516,4874,218,130,373,471,128,312,156,560,91,620,1610,217,2268
385,1247,88,30,393,33,102,5161,92,319,521,1955,219,128,354,478,130,312,409,573,92,56,603,217,2260
255,1055,1075,23,390,33,109,105,95,283,517,2095,227,130,356,472,130,305,410,542,93,60,614,394,1719
260,1099,112,24,390,42033,104,106,382,284,4898,2537,216,136,350,474,131,309,185,504,93,589,565,218,2256
254,1057,125,25,392,33,102,109,93,283,516,2201,217,131,349,481,137,309,260,565,94,61,588,222,2291
256,1186,104,25,394,33,101,133,93,286,521,1996,219,129,354,473,130,315,126,544,98,67,1050,271,2263
276,1096,84,37,393,34,107,94,94,302,528,2080,218,131,351,15105,135,317,120,567,104,63,1123,240,2291
262,1307,119,25,390,33,104,5149,569,289,517,3411,219,129,354,479,130,308,126,551,93,59,528,236,2297
253,1073,106,25,471,33,102,93,86,283,517,2169,218,124,344,473,128,312,151,559,92,58,529,218,2264
268,1189,114,26,391,35,103,101,89,304,2832,2146,217,125,347,475,138,350,137,568,98,58,4006,241,2278
258,1062,108,49,390,33,101,94,82,282,516,2042,217,125,353,475,134,1748,162,561,93,61,911,212,2900
261,1106,133,24,391,33,103,113,155,284,524,1968,218,125,356,473,128,355,121,559,96,58,719,214,2292
257,1072,108,25,389,33,103,110,812,288,518,3429,218,128,467,473,130,461,114,571,101,58,726,240,2261
259,1486,88,25,390,34,104,5149,91,426,516,2280,217,125,374,474,130,308,254,546,103,61,1173,235,2317
257,1061,84,25,390,33,101,110,82,289,516,2206,217,124,348,473,131,308,163,563,95,58,1061,231,2254
254,1062,112,24,391,33,102,94,82,291,3025,4087,218,125,380,476,128,335,233,559,90,56,703,1079,2260
257,1055,108,24,390,34,101,112,82,328,516,2381,219,124,359,472,131,312,237,562,100,57,707,1318,2251
256,1059,105,36,390,33,102,95,82,288,518,2024,219,131,351,479,131,380,191,547,100,57,885,231,2262
255,1087,107,25,389,32,102,107,90,287,517,3282,217,127,358,472,130,311,251,552,104,58,893,234,2314
250,1123,84,30,392,33,104,189,82,288,517,4719,219,124,430,474,133,310,152,550,92,56,699,228,2261
254,1077,104,26,389,32,102,98,98,291,516,2002,218,126,491,487,130,306,141,552,100,25191,696,220,2303
260,1071,82,27,391,36,106,136,82,290,725,2023,218,127,351,481,128,311,280,552,92,64,885,211,2263
258,5120,86,24,391,33,105,112,83,292,516,2453,219,128,374,476,130,480,556,563,107,61,533,238,2260
256,1055,83,25,393,33,106,95,83,307,517,1968,294,128,385,474,132,316,357,570,105,57,1051,205,2258
262,1074,96,72,391,33,102,141,313,307,517,1946,221,125,367,477,132,305,147,549,151,63,529,292,2263
252,1113,83,26,391,35,102,5138,89,283,517,2303,220,125,423,473,130,331,445,689,126,4929,532,218,2390
267,1108,82,25,390,32,405,96,82,352,517,2573,222,125,371,476,130,310,441,566,99,57,1463,233,2257
255,1103,84,25,392,32,103,168,472,369,2745,4713,221,128,389,474,129,305,574,561,110,1093,527,238,2323
258,1096,84,216,410,33,103,98,297,321,518,2102,220,127,418,474,128,321,163,550,111,57,1298,216,2256
258,1095,92,22,390,32,102,106,90,302,517,2093,222,125,363,474,130,558,559,598,95,80,887,235,2259
265,1072,304,25,391,33,102,110,82,318,520,2073,219,127,452,485,128,519,297,579,91,56,531,360,2268
262,1071,112,32,394,32,108,2394,82,497,516,2079,223,125,344,477,131,314,159,562,92,67,873,1215,2249
264,1095,84,216,406,353,101,108,568,331,516,3426,246,129,366,481,131,322,125,3767,110,56,1660,331,2246
351,1145,87,33,392,34,104,95,83,313,2913,2137,222,126,364,472,129,327,178,881,154,64,697,248,2268
255,1077,84,25,393,33,102,108,245,315,520,1936,219,126,375,477,144,313,289,595,108,57,709,304,2259
519,1071,85,39,396,47,104,94,84,319,518,1923,219,133,353,474,129,328,378,566,95,56,1084,647,2265
268,1208,85,32,394,33,102,110,330,390,518,1943,272,157,363,476,131,309,325,880,105,67,531,1187,2259
260,6745,103,29,398,37,115,4685,598,304,516,2360,220,147,396,485,128,345,214,741,145,64,525,230,2283
274,1066,90,30,403,33,101,125,405,402,519,1976,220,128,378,478,130,335,611,699,113,56,960,216,2259
350,1084,121,24,404,34,109,97,122,599,3876,1989,226,129,604,475,129,308,344,780,104,60,942,238,2263
273,1204,85,28,392,36,105,94,102,295,526,1967,358,128,401,476,129,324,727,655,96,76,535,256,2264
354,1139,86,25,396,34,102,118,83,438,455,1982,227,125,440,475,137,314,227,720,115,88,871,216,2257
275,1098,86,25,396,34,104,94,213,346,519,1970,223,134,437,475,130,368,370,626,108,70,800,317,2264
281,1106,85,26,402,463,102,5141,82,389,519,1981,224,155,529,484,130,345,128,1035,114,58,3164,292,2257
319,1055,83,24,391,32,102,97,971,431,517,1943,228,156,668,477,130,327,342,569,110,60,3822,318,2259
290,1065,83,24,395,32,103,112,385,3384,3881,1925,248,126,401,477,131,312,594,591,108,123,1018,461,2258
277,1068,106,30,402,35,103,97,990,299,518,2358,226,253,364,477,129,359,252,605,113,71,1000,226,2612
277,1073,85,25,394,33,103,125,508,501,518,1981,218,128,359,479,139,308,188,613,107,85,5209,1775,2263
408,1056,84,25,392,37,103,94,84,393,560,2001,220,157,365,475,129,313,137,555,98,67,906,513,2251
293,1057,84,24,395,33,103,5176,85,414,526,2119,227,126,420,483,129,307,375,682,110,75,3042,210,2246
288,1082,96,23,393,34,102,113,98,292,518,1962,550,128,386,480,128,307,203,555,110,100,887,220,2248
279,1060,86,27,391,33,105,150,93,351,3878,2646,219,126,361,494,129,305,243,571,102,71,1743,240,2263
1101,1102,85,23,397,34,103,96,114,397,518,2140,227,129,352,7058,129,310,269,593,102,66,4290,218,2248
258,1081,85,25,396,35,107,110,89,313,517,2004,220,134,369,479,131,492,492,549,145,94,1316,293,2256
982,1081,85,23,402,35,108,112,429,319,517,3308,347,125,343,16690,138,341,514,579,109,57,1314,240,2250
399,1055,83,30,400,32,104,3218,86,358,518,1997,239,131,347,487,133,314,280,588,100,81,1396,240,2249
745,1075,82,26,398,37,645,93,86,323,518,3911,219,127,351,496,130,333,414,613,98,69,556,215,2282
932,1085,1026,27,398,38,103,575,142,630,2989,6218,221,149,378,1228,136,327,383,555,100,83,535,1111,2261
889,1081,84,26,1080,44,102,130,499,634,518,5947,227,177,386,483,132,305,320,574,91,72,531,242,2247
2050,1982,88,925,395,726,107,108,945,587,666,6519,234,143,350,474,130,326,343,565,96,60,1050,202,2249
266,1537,85,25,396,35,109,96,86,334,517,5475,220,130,347,481,130,311,439,580,96,75,1581,299,2249
290,1139,84,26,392,34,102,3230,451,421,517,11706,222,127,345,484,131,317,385,597,94,146,1041,255,2251
338,1079,83,27,396,34,104,94,421,326,519,7681,220,130,349,477,130,331,510,588,105,356,896,248,2249
316,1102,84,24,402,33,106,94,1232,288,2803,16696,3161,129,347,483,129,313,220,592,94,562,1019,1203,2247
280,1115,153,27,397,35,106,113,665,356,519,12534,221,128,351,477,130,338,500,605,125,77,3996,235,2252
556,1095,87,33,401,32,105,113,83,290,517,7844,219,128,362,486,130,575,152,621,92,382,889,287,2244
270,1075,85,64,398,33,105,109,758,349,517,7790,219,133,349,477,131,311,415,575,107,87,1157,220,2251
263,1842,85,31,397,35,103,147,423,417,520,42254,222,128,354,477,128,337,161,619,112,84,1292,217,2247
288,1087,84,24,398,33,104,96,548,348,517,19088,218,127,339,492,129,344,338,569,91,155,4720,1279,2243
272,1110,103,26,393,36,107,186,90,361,4879,6527,222,139,2122,478,132,313,467,1098,91,124,1491,1204,2246
769,1097,83,25,394,33,102,113,84,311,518,6593,218,130,350,480,136,495,608,588,90,88,3133,656,2252
333,1179,86,27,394,33,101,97,109,299,518,7897,222,335,342,478,128,344,467,579,94,75,967,229,2379
298,1066,83,27,393,33,104,115,87,360,530,6282,221,132,343,480,128,318,160,706,93,68,536,233,2256
273,1091,85,22,396,34,103,182,451,343,518,11788,219,130,349,479,130,1077,670,606,92,73,10945,300,2246
287,1288,84,23,398,36,102,210,283,395,518,9375,2230,267,350,479,129,328,114,639,91,81,1545,249,2249
321,1083,84,24,398,33,105,176,86,307,721,5711,220,186,349,476,129,331,240,598,102,68,527,257,2281
310,1061,83,23,396,32,106,108,773,287,518,5899,218,137,344,485,128,313,1482,580,1029,82,4402,261,2248
305,1402,103,25,392,33,104,98,86,389,516,4452,218,137,345,478,129,310,133,628,94,74,531,210,2243
630,1123,88,25,392,33,102,95,90,367,518,4327,217,194,346,487,129,313,189,563,91,157,960,222,2250
266,1068,155,26,403,32,102,2179,96,288,516,5460,217,148,347,483,131,309,262,646,96,57,890,213,2245
349,1062,94,27,392,35,2695,108,652,355,516,6347,219,351,400,3460,130,335,754,561,90,66,1288,301,2254
359,1062,2527,24,394,33,104,2628,101,482,633,6193,218,2010,412,2131,1725,315,126,567,102,68,4464,229,2244
269,1057,105,25,2861,36,102,108,110,292,516,6037,242,253,376,475,128,312,152,559,90,670,1449,1035,2253
2722,3756,84,2526,397,2541,102,108,2505,2709,2646,7831,220,153,338,474,129,1795,1364,1980,102,122,1794,231,3206
261,1101,84,24,392,33,102,134,89,295,518,6043,218,141,413,477,130,340,426,555,96,60,1058,215,2257
273,1065,86,24,396,33,102,96,176,314,516,6065,220,162,396,479,129,327,274,571,92,61,1556,221,2285
298,1064,85,27,390,56,327,108,597,406,604,15442,218,156,425,478,129,331,273,686,95,69,6964,225,2263
260,1120,83,24,392,33,104,177,208,308,517,7797,217,128,362,475,128,317,454,915,93,56,960,353,2254
332,1071,86,26,528,34,102,110,93,335,516,12802,239,131,434,474,129,313,294,593,91,67,3846,326,2255
259,5301,84,24,394,34,108,107,85,307,517,6722,219,126,348,477,128,311,705,577,93,60,541,211,2250
284,1196,82,26,393,33,104,2214,165,307,517,6268,222,125,466,485,130,310,285,919,91,74,896,215,2291
272,1079,85,22,397,33,106,110,180,348,517,7827,413,134,346,493,150,309,344,561,90,99,3832,210,2246
252,1078,109,25,401,33,102,111,89,421,2884,6406,218,154,354,474,130,317,269,554,92,85,1077,235,2249
261,1073,283,25,396,33,102,95,155,303,519,61592,220,126,449,481,128,328,391,587,92,61,1583,354,2258
260,1083,105,28,394,35,102,106,160,297,516,6493,307,129,350,472,129,325,351,606,89,114,2428,202,2260
451,1301,452,27,393,32,102,110,171,293,516,9285,219,126,343,474,130,308,247,655,91,251,541,200,2286
290,2018,84,24,394,33,102,2233,267,299,518,11512,218,128,357,475,130,314,316,575,91,87,1325,390,2249
261,1113,86,24,392,34,101,109,449,327,518,6655,219,124,347,472,128,568,200,582,91,73,893,217,2333
261,1077,1200,25,392,34,101,96,84,325,2880,6286,219,131,416,478,128,345,109,560,92,156,1786,215,2285
276,1086,85,24,391,33,100,147,90,301,523,6279,218,126,348,476,129,324,111,613,91,74,531,235,2254
278,1293,85,23,391,415,102,109,888,491,474,5630,295,126,347,474,128,343,198,545,94,67,3923,208,2253
257,1079,83,25,391,33,102,95,86,281,514,5319,218,338,353,474,133,309,623,738,93,81,535,225,2253
256,1167,85,24,393,611,106,182,104,285,516,6278,221,126,339,475,128,306,473,573,91,98,2380,423,2262
253,1061,87,26,390,34,102,111,84,336,517,11626,221,146,409,476,128,558,744,648,108,136,1153,231,2261
259,1055,279,24,391,33,101,114,102,306,782,5955,218,128,407,477,129,313,768,578,98,61,701,269,2270
268,1167,85,23,393,35,101,111,87,300,600,6162,217,131,415,473,128,308,690,663,91,167,887,220,2269
258,1078,85,26,392,34,103,110,92,291,516,6703,219,157,414,474,130,307,399,604,93,151,2132,528,2264
264,1064,82,25,390,34,102,114,86,306,515,5764,430,138,409,475,130,305,325,608,93,153,888,242,2471
262,1073,84,29,392,33,101,110,84,282,516,6446,219,128,414,589,129,323,546,578,109,59,966,247,2270
260,1087,84,24,391,37,102,193,98,320,519,6006,398,128,373,474,129,305,674,557,115,155,962,255,2265
258,1081,84,25,391,35,102,101,84,348,518,5700,217,128,348,472,139,387,1145,845,110,112,532,276,2293
258,1076,84,26,391,33,104,108,83,294,780,3698,220,125,349,474,138,309,686,561,102,68,944,222,2254
315,1104,108,24,390,51,104,94,831,315,517,2857,218,131,347,476,130,309,656,644,102,73,526,220,2257
254,1053,98,26,389,37,102,94,84,295,517,2058,222,125,349,484,127,306,477,557,131,63,1093,226,2277
253,1086,84,33,390,35,101,111,90,330,517,5101,221,125,345,474,134,307,681,773,105,70,4037,234,2260
256,1055,87,25,391,35,296,110,102,356,516,4860,217,128,348,410,130,318,966,563,110,118,2546,217,2266
254,1066,681,23,390,34,102,202,108,509,600,2201,220,313,346,412,131,306,1184,3445,127,72,1044,214,2256
260,1260,104,28,728,59,103,107,83,302,517,2096,219,125,468,409,131,307,488,551,103,61,1167,254,2268
880,1682,109,565,395,355,103,100,182,337,521,2146,221,127,367,416,135,327,612,563,102,61,533,212,2266
255,1116,132,24,393,65,138,95,83,289,516,2016,217,128,347,412,128,308,350,550,106,61,2469,212,2290
255,2242,105,28,393,58,111,178,169,286,516,1989,225,125,345,413,129,306,587,554,106,69,534,261,2277
253,2831,84,23,396,56,101,94,602,299,518,3343,219,125,368,540,130,308,411,546,103,67,537,215,2288
260,1105,84,28,402,34,105,109,162,298,2878,2084,220,125,345,410,130,308,327,582,102,61,2359,241,2286
255,1178,132,24,393,34,104,108,146,345,517,2363,217,124,342,414,128,328,483,564,103,60,541,250,2267
259,1063,105,29,390,33,102,108,371,323,529,2766,221,125,398,412,128,309,441,546,104,64,1019,245,2276
261,1419,111,28,390,34,101,110,83,780,516,3910,221,126,392,418,129,308,561,585,91,62,529,233,2282
257,1066,109,26,391,36,102,2215,96,345,517,5792,239,126,341,411,128,310,459,562,93,70,890,255,2268
398,1076,110,26,390,32,103,93,84,327,518,5936,299,132,416,414,129,309,916,573,90,58,631,244,2273
263,1068,111,27,390,33,102,93,287,334,2886,4791,219,158,354,410,130,307,678,544,113,63,607,274,2274
258,1059,107,26,391,49,102,109,84,290,521,4803,217,125,354,411,138,308,479,607,93,72,1195,219,2272
260,1086,82,25,395,34,107,106,85,322,517,2722,220,125,349,417,130,312,460,558,100,60,587,313,2275
258,1156,113,24,391,34,102,124,323,310,519,2016,217,125,342,412,131,420,685,550,94,59,598,221,2272
254,1076,111,24,393,34,104,2232,185,308,517,2030,220,128,349,411,133,307,414,565,93,62,529,247,2271
261,1061,84,28,388,34,101,99,83,284,516,2009,217,164,344,432,200,309,611,550,94,69,528,236,2281
254,26045,84,25,394,33,102,97,83,283,2877,2272,229,126,337,411,132,309,360,3481,94,59,528,250,2282
256,1069,136,25,393,36,102,105,83,292,518,1953,222,128,343,412,130,595,305,592,91,61,545,210,2310
252,1059,105,22,391,33,101,93,92,286,518,2003,217,125,340,409,128,326,409,543,92,58,525,216,2261
254,1147,1065,24,392,277,105,96,101,334,516,7142,218,124,344,417,130,1107,839,543,92,62,797,221,2302
254,1070,84,25,395,33,102,2261,131,286,516,9507,219,127,353,415,133,465,400,558,97,61,530,245,2279
261,1066,108,25,394,34,102,106,83,300,516,6093,219,132,480,412,131,1340,555,558,93,57,530,247,2274
258,1070,111,38,392,32,113,110,509,294,2878,13846,217,124,347,414,130,358,689,557,91,64,532,222,2273
253,4535,106,26,392,33,101,96,83,312,516,6272,218,133,349,415,132,320,558,560,91,60,1018,213,2266
260,1084,88,26,400,32,102,98,83,317,518,12128,218,125,358,413,193,309,669,544,91,60,531,217,2324
270,1064,84,29,389,32,103,106,88,289,523,34523,285,128,351,411,131,315,441,555,91,56,702,1948,2345
260,1056,284,27,391,34,101,4184,84,346,517,6201,218,130,375,413,130,309,575,552,92,58,1053,1365,2269
258,1092,87,23,392,33,102,108,83,321,515,2242,218,127,400,427,132,1494,512,545,91,58,694,1224,2273
254,1083,83,24,393,33,102,106,86,290,4723,5170,219,125,361,414,130,327,346,557,99,61,699,1224,2273
257,1148,85,25,391,33,107,93,82,344,517,6568,219,129,388,410,129,307,806,605,92,58,529,1801,2267
260,1057,84,26,395,36,102,108,279,332,516,15113,218,126,533,417,128,311,935,549,94,57,699,1167,2273
257,1069,83,26,392,92,107,93,83,292,540,3206,229,132,350,411,131,559,564,571,91,58,529,197,2266
257,1154,83,23,392,33,103,2203,85,345,518,5331,306,126,352,411,130,319,135,554,107,56,992,237,2266
258,1061,205,23,391,36,104,107,84,303,518,4660,383,126,357,3321,128,350,220,570,98,56,889,238,2276
254,1058,86,37,393,33,105,96,88,345,2875,7069,222,127,2438,422,129,437,182,551,99,56,808,223,2264
260,1136,84,26,397,33,102,116,88,286,517,6620,220,124,358,412,131,305,307,567,95,68,532,222,2256
271,1066,85,25,392,34,101,117,83,369,517,6347,220,126,353,410,128,310,380,665,95,60,1029,231,2282
268,1100,82,30,391,598,104,95,90,291,521,6332,221,157,369,411,130,309,325,571,114,56,881,1194,2261
255,1084,85,25,391,33,105,2237,95,318,517,5566,265,130,352,416,130,314,347,593,95,79,919,216,2264
262,1065,84,29,400,663,101,112,239,310,563,5973,2662,125,360,411,130,410,400,626,249,72,536,211,2279
257,1089,154,29,411,203,104,122,92,322,2870,5601,225,128,356,411,128,311,508,574,97,58,2352,220,2264
300,1121,111,25,393,66,107,107,462,461,564,6126,220,132,365,412,130,336,294,566,1690,63,528,229,2268
259,1057,84,23,394,32,102,98,521,369,516,6115,218,293,366,413,132,330,330,580,93,59,883,402,2267
292,1127,83,26,396,34,107,124,84,301,518,4978,224,131,348,412,129,306,485,577,125,81,524,241,2266
275,1064,90,23,393,43,104,2359,836,356,519,5322,220,126,353,411,129,330,380,591,94,67,875,323,2265
386,1134,89,25,395,261,2925,96,98,3714,517,4267,220,2577,356,412,130,494,401,652,97,67,896,220,2260
316,1061,2879,29,393,33,104,2812,90,568,2878,2090,218,156,375,2387,2244,309,645,583,96,68,1235,248,2265
256,1064,85,25,2899,35,104,100,702,561,483,2396,221,129,380,412,130,314,382,611,115,483,878,3364,2267
2884,4205,86,2919,396,1795,102,114,2914,2887,2881,2207,217,134,381,423,129,2232,2015,1841,109,66,2840,239,3219
315,1065,86,24,395,34,140,96,83,445,519,2598,227,128,365,421,129,611,279,610,128,63,527,258,2262
267,1229,90,23,393,34,103,47053,86,353,516,3055,249,127,589,413,130,327,267,658,126,73,528,228,2272
278,1058,84,23,395,34,103,135,338,427,517,3395,229,126,360,416,129,316,183,585,94,91,1011,221,2262
312,1118,154,40,400,33,103,95,440,322,2881,4518,220,129,442,419,130,317,263,642,102,61,1146,267,2262
275,1065,85,23,394,32,105,109,86,430,517,5360,220,125,359,498,166,328,1086,693,95,31980,609,26601,2253
278,1060,84,24,394,34,103,116,84,587,516,4622,220,127,390,416,134,342,133,568,128,61,539,384,2262
274,1127,86,24,401,34,105,112,90,406,518,5113,234,126,376,412,132,312,1482,635,108,77,525,240,2499
639,1070,85,23,395,37,106,4177,87,636,517,4053,222,125,353,416,131,346,1318,691,113,76,953,363,2256
286,1099,153,26,401,34,103,111,98,578,519,5010,220,130,417,416,129,377,383,568,107,93,4453,238,2819
275,1082,85,24,459,32,110,120,457,476,2878,4985,225,131,350,414,130,331,786,564,107,67,1746,1524,2264
274,1069,87,25,405,33,105,95,1036,647,516,3914,220,131,342,448,129,311,1626,575,133,85,873,327,2268
331,1064,106,25,397,340,105,94,86,363,518,3099,236,127,357,440,133,308,905,561,232,135,9572,239,2264
259,1064,83,34,393,33,104,135,361,348,517,1993,240,131,347,429,130,362,1285,574,291,67,3064,236,2250
255,1054,86,27,400,35,106,2263,85,585,517,1970,222,128,357,421,133,308,1864,566,120,68,880,239,2260
383,1115,83,30,398,37,108,93,86,437,518,2045,220,128,357,428,131,325,3260,567,114,81,550,223,2265
278,1550,85,29,397,36,104,114,86,420,3879,2227,220,132,370,420,139,330,1057,576,102,58,531,253,2254
281,1068,89,29,397,37,108,95,106,315,520,4846,219,128,346,422,130,314,1515,615,149,62,8809,217,2268
278,1070,86,31,398,34,102,147,86,655,517,2003,218,128,350,421,130,329,1790,591,111,71,3839,226,2328
498,1061,87,228,397,36,107,113,87,416,519,3468,235,143,367,423,131,310,2937,555,143,93,947,547,2261
312,1066,90,23,398,33,105,7223,333,303,518,4470,222,127,342,421,133,330,1623,564,111,80,4376,227,2255
653,1106,88,29,400,34,102,113,143,342,518,2429,219,128,343,481,130,326,1708,707,114,82,2439,1179,2252
264,1094,84,25,398,34,106,106,653,340,2819,2183,222,162,356,424,132,319,2680,753,106,82,9814,218,2259
441,1061,86,29,395,33,102,41998,86,347,519,2060,221,133,433,417,134,319,2953,638,115,65,4197,253,2251
267,1060,88,26,395,33,105,95,1184,314,518,1950,222,127,352,437,142,321,3197,690,112,31515,1190,25331,2247
662,1061,98,27,392,35,110,111,2582,355,518,1950,218,130,366,419,128,337,1370,603,105,121,5712,301,2254
259,1084,86,24,363,33,104,115,84,379,520,2836,218,128,380,415,131,318,714,617,105,207,4567,245,2281
256,1066,85,25,392,201,104,172,854,382,521,1965,222,129,351,454,129,314,1425,585,114,64,1563,219,2260
259,1129,106,25,403,58,102,110,467,502,983,2122,218,130,352,461,134,330,3888,601,108,56,1397,609,2252
271,1058,83,28,402,34,103,98,540,369,520,2341,222,152,352,416,132,315,4380,771,106,79,3825,258,2252
313,1571,85,26,394,36,106,116,87,713,518,1951,221,132,530,453,130,314,2811,582,107,57,2897,244,2248
295,1070,84,27,400,33,105,98,554,745,520,2068,218,130,358,3420,130,1046,1707,600,94,57,962,224,2257
253,6731,84,25,394,35,103,129,144,515,516,2040,220,131,348,428,131,326,2300,758,92,78,1407,235,2267
263,1073,88,26,399,35,104,94,84,369,518,1985,218,133,352,483,130,309,465,911,97,83,918,224,2256
308,1123,86,24,410,34,104,104,90,340,691,1944,225,191,349,419,133,311,360,594,105,93,881,311,2252
287,1061,83,25,392,33,103,117,177,800,518,1950,221,136,351,417,130,310,3653,611,93,74,5033,236,2251
281,1064,86,25,393,34,108,108,625,349,520,2013,220,136,351,416,131,324,1361,608,106,57,535,1433,2247
462,1269,84,24,9342,33,105,112,304,735,517,1986,224,130,350,427,129,310,542,645,97,56,1623,235,2249
457,1081,105,25,393,40,104,147,88,418,516,1916,220,393,348,428,128,311,1114,596,91,95,5315,224,2251
364,1067,87,25,426,33,108,113,670,340,520,3357,219,259,367,414,129,306,494,593,103,56,2987,241,2248
371,1059,83,25,396,33,108,111,86,514,757,2243,311,137,350,423,128,310,565,740,102,57,4032,406,2249
275,1074,83,27,395,55,148,3084,84,378,519,1926,219,128,345,426,129,561,537,612,107,62,888,228,2251
265,1375,133,25,399,34,106,123,84,403,519,1921,217,131,345,3086,129,328,596,597,112,86,3725,223,2260
333,1109,85,24,395,51,109,110,84,408,520,1976,218,141,342,418,330,378,150,644,100,63,3049,223,2249
324,1110,85,43,394,34,106,49139,116,389,539,1960,217,131,345,423,129,307,680,595,110,57,850,233,2301
297,1108,83,24,395,32,102,99,87,323,519,1918,218,130,348,419,129,510,113,556,108,88,1599,285,2258
274,1062,85,25,398,33,103,125,85,373,872,2295,221,125,347,422,129,307,346,591,98,178,952,229,2257
262,1068,85,24,397,36,103,122,83,285,517,2164,218,133,368,419,130,317,148,636,115,56,4123,204,2265
670,1071,82,24,396,33,24,119,94,313,521,2119,218,129,357,431,170,308,146,591,110,62,534,277,2249
262,1072,85,23,391,34,102,111,88,311,519,1963,244,131,347,440,131,309,174,560,102,96,1569,220,2371
257,1115,87,25,391,33,103,208,86,301,519,1968,217,128,343,488,128,309,499,608,96,69,1098,276,2263
259,1067,104,25,392,33,102,110,627,316,518,2100,221,126,351,412,128,307,858,553,106,80,2188,258,2252
255,1055,85,25,390,34,101,125,85,290,757,1984,217,127,338,414,128,321,604,586,258,58,967,212,2282
268,1057,84,26,393,33,102,112,83,347,524,2047,219,125,408,415,130,310,173,565,144,76,1532,247,2261
388,1080,84,24,392,34,24,96,82,298,518,1976,267,126,394,414,129,306,444,772,97,79,958,245,2248
316,1113,85,26,392,32,24,119,89,315,518,1995,255,127,402,416,128,325,807,581,103,73,1306,293,2250
260,1140,141,25,394,33,24,161,86,336,517,1970,221,125,355,413,127,305,1145,585,99,88,2358,220,2261
262,1071,86,27,390,32,24,95,89,301,516,2002,219,124,373,415,128,305,451,566,95,97,880,262,2257
270,1393,86,24,391,35,24,93,469,403,757,1971,220,125,431,412,128,347,569,598,94,62,898,265,2247
611,1454,106,27,392,33,24,98,82,416,517,1994,218,129,362,413,131,313,197,582,122,56,1458,220,2251
571,1058,85,24,400,33,24,42172,85,302,518,1949,220,127,437,420,129,333,161,568,135,99,1432,217,2247
256,1568,83,22,391,34,25,108,84,382,517,1940,218,128,383,415,128,309,269,570,105,86,5483,299,2267
263,1885,105,23,392,36,24,162,85,401,519,1929,221,125,343,412,130,474,194,560,91,57,976,333,2252
257,1094,84,25,390,34,24,121,83,290,517,1949,220,126,371,417,129,323,168,568,103,57,968,385,2251
254,1077,90,25,402,33,32,98,84,320,813,1963,218,158,348,412,129,325,481,577,106,60,1019,290,2248
260,1065,82,26,392,34,24,117,84,355,517,1948,217,227,352,411,128,326,386,588,204,57,1032,295,2251
267,1129,105,29,392,46,24,119,85,307,517,1959,218,141,419,411,128,307,1451,689,310,93,1217,275,2256
256,1073,86,26,390,34,24,97,105,343,517,1950,218,396,612,424,130,308,253,558,101,84,1494,241,2249
272,1062,1226,25,392,35,28,194,85,505,518,1995,218,134,349,412,129,330,113,634,181,78,822,277,2257
259,1105,105,24,394,1422,27,122,83,480,517,1964,218,129,347,417,132,306,1640,552,105,77,528,216,2255
263,1097,110,26,391,40,24,120,82,298,685,1965,223,126,355,412,133,307,480,564,111,57,529,245,2251
268,1078,87,25,391,37,24,113,157,531,526,1968,218,130,348,413,140,310,133,572,102,68,535,261,2275
261,1074,84,26,391,299,24,112,111,388,520,1960,219,125,421,411,138,308,340,550,101,65,2439,270,2266
296,1077,86,24,391,35,23,94,85,324,526,2024,217,154,409,410,130,310,208,569,98,64,531,267,2444
266,1057,110,25,391,33,24,196,85,295,516,2015,219,125,384,413,130,309,201,567,106,109,529,285,2266
270,1059,85,23,391,34,24,133,130,285,516,5708,219,126,348,412,131,554,495,548,121,59,1637,246,2266
260,1063,106,27,390,403,23,42081,271,306,687,4789,217,135,353,806,134,306,335,554,94,64,538,927,2310
258,1067,83,25,389,33,24,95,135,322,517,6355,217,125,341,413,132,323,128,553,109,63,948,272,2253
256,1262,103,23,391,33,24,122,112,303,516,17734,220,125,348,413,129,321,146,570,680,61,532,264,2267
253,1114,84,25,391,35,24,111,251,353,517,9272,225,125,347,412,130,320,279,547,96,56,2731,254,2273
260,1056,85,25,390,35,24,137,139,297,517,5611,218,125,356,411,136,341,165,566,99,57,537,253,2272
255,1054,85,24,390,33,24,104,444,329,516,7487,220,128,349,411,130,311,210,546,99,60,2429,255,2263
259,1062,106,25,391,32,191,94,222,281,722,6446,218,146,449,412,128,308,369,543,99,65,532,284,2266
257,1062,620,24,663,33,24,176,165,293,516,13802,220,125,347,416,130,314,203,546,101,66,1474,267,2280
259,1058,107,24,391,296,25,106,104,344,518,6236,217,127,339,419,129,340,396,548,118,59,535,299,2260
938,1642,105,495,393,32,24,113,86,298,519,6416,219,125,395,412,129,842,749,646,152,56,3158,274,2279
261,1058,109,24,392,33,26,182,435,330,516,6170,220,127,349,411,131,314,160,545,105,59,547,311,2256
253,1118,84,24,393,33,24,109,151,296,517,16581,220,154,352,412,130,308,770,554,119,59,2826,251,2279
256,1104,89,26,392,33,25,108,87,306,697,7700,220,125,348,414,130,309,348,545,99,60,693,272,2274
256,1057,88,24,390,33,24,108,782,283,518,14847,217,154,346,411,130,307,804,631,91,58,1157,263,2955
254,5255,106,23,390,34,26,94,84,311,516,16513,218,155,356,413,132,306,818,542,99,58,694,266,2294
257,1057,89,26,391,33,25,114,84,286,517,25896,217,154,366,410,128,309,342,727,91,56,992,233,2269
257,1280,106,24,390,33,25,42057,84,440,516,7940,220,131,360,415,134,311,699,549,102,77,1129,376,2277
264,1056,1042,24,390,33,24,231,89,283,516,65645,223,129,341,411,135,307,896,555,99,56,704,246,2280
258,1562,83,26,391,33,24,111,466,284,686,8272,217,125,344,417,136,311,550,598,93,59,804,247,2271
254,1058,90,36,390,33,24,104,84,300,517,7561,220,124,362,410,263,311,128,573,91,59,530,248,2281
253,1108,84,23,390,33,24,118,419,366,518,9267,218,124,350,414,131,308,116,553,94,59,889,245,2279
258,1168,108,31,393,33,24,96,94,343,517,9597,220,128,353,411,134,310,370,549,92,56,5553,236,2268
257,1288,107,25,391,32,24,132,569,291,516,6690,219,130,357,416,134,312,150,553,93,61,3996,249,2259
258,1061,83,24,588,32,24,294,387,279,517,12328,219,130,352,417,132,414,116,554,93,58,803,253,2270
259,1059,107,23,408,33,24,110,729,294,686,7761,219,130,346,413,130,715,150,547,92,59,531,237,2271
253,1073,116,26,390,34,24,100,284,297,518,7846,219,352,352,417,129,460,334,556,91,56,955,261,2265
256,1063,105,27,393,33,23,113,85,289,519,7987,219,129,352,413,131,555,252,550,93,60,9824,262,2261
253,1172,83,26,390,33,24,112,91,283,536,7827,219,126,387,410,129,353,142,563,93,56,894,1320,2269
260,1063,82,26,722,33,24,148,87,345,533,70388,218,130,380,493,128,329,186,551,92,61,877,260,2264
259,1060,141,23,391,33,24,115,92,346,517,8094,218,129,358,424,130,418,111,550,93,58,524,258,2277
259,7791,96,40,390,32,24,112,86,343,2725,7672,220,126,393,411,128,325,127,565,115,58,695,392,2267
260,1056,106,23,392,168,24,149,83,292,517,6645,217,124,345,415,131,488,251,558,102,62,1373,21705,2267
255,1069,105,24,391,34,24,41983,85,298,521,6567,218,125,364,410,129,306,168,566,91,63,534,468,2269
260,1084,110,27,391,76,25,146,83,284,516,17972,220,126,380,412,130,306,126,567,92,56,696,81,2252
262,1100,85,32,394,32,24,136,403,301,723,11015,337,125,354,411,131,326,145,551,92,58,525,450,2268
258,1064,107,26,393,33,24,124,105,282,517,6806,218,126,516,409,128,309,147,551,102,56,885,280,2268
260,1086,105,25,390,34,102,94,84,299,692,10581,226,127,355,411,128,323,125,590,117,56,3986,425,2268
259,1065,136,24,392,32,101,108,450,288,518,6612,218,128,364,412,128,306,123,560,96,56,1125,3258,2265
247,1059,84,23,391,32,104,96,427,342,516,6385,220,129,393,412,129,315,118,548,112,60,870,832,2268
253,1064,85,23,392,36,102,109,318,408,517,5906,221,127,4367,413,129,306,120,567,104,56,886,284,2267
260,1066,86,24,391,34,102,132,1268,321,516,6499,228,270,465,414,128,358,282,723,101,57,973,1068,2267
258,1062,89,27,404,34,102,120,83,392,517,5274,221,129,373,414,130,305,134,558,93,58,531,295,2270
257,1092,83,23,422,35,103,110,97,430,687,5419,222,157,365,414,129,517,111,914,137,60,1185,240,2263
272,1064,85,26,392,33,101,111,758,391,542,4404,219,125,394,413,139,337,156,550,105,55,529,230,2266
259,1056,88,24,393,34,106,94,576,405,518,3961,218,125,386,3679,130,306,117,768,99,66,528,489,2266
256,1066,111,23,401,33,104,109,572,508,517,3425,3372,127,385,417,129,313,121,711,109,81,3824,238,2267
258,1062,84,24,394,33,106,322,88,363,517,2182,219,132,347,413,131,493,125,627,100,57,888,257,2280
276,1064,83,25,393,35,104,96,214,462,518,1923,244,125,377,417,129,306,115,577,1211,62,967,234,2277
268,1062,86,29,395,43,102,42108,97,424,689,2087,220,128,381,419,129,321,115,604,573,59,1186,239,2278
263,1075,84,25,395,32,103,110,83,396,517,2249,326,129,360,423,130,313,115,578,117,57,1308,1385,2268
413,1067,107,26,394,34,102,119,84,1166,517,2367,348,130,350,417,138,313,114,635,92,71,546,8314,2249
286,1059,85,24,392,35,3728,102,119,394,518,2512,221,298,372,707,130,309,110,593,109,105,958,276,2267
271,6941,155,24,705,34,108,2153,88,658,519,2663,221,125,443,411,203,310,112,624,116,96,4242,3778,2310
265,1080,136,25,395,1350,105,113,85,471,518,2265,244,126,360,414,129,410,176,589,92,56,1298,234,2603
473,6306,84,121,392,33,103,97,876,883,920,3267,219,130,592,451,129,412,245,1113,132,62,11429,305,2264
269,1064,83,25,399,33,104,99,615,639,517,2421,220,131,400,417,132,561,143,652,101,56,953,232,2293
270,1071,84,24,393,33,120,118,298,755,518,4071,223,127,357,415,129,327,871,670,109,60,954,232,2251
296,1065,84,25,395,34,104,111,83,751,516,2372,225,126,374,413,130,305,122,763,102,74,1640,352,2530
